caseId,activity,lifecycle,activity_id
173688,A_SUBMITTED,COMPLETE,10
173688,A_PARTLYSUBMITTED,COMPLETE,7
173688,A_PREACCEPTED,COMPLETE,8
173688,W_Completeren aanvraag,SCHEDULE,20
173688,W_Completeren aanvraag,START,20
173688,A_ACCEPTED,COMPLETE,1
173688,O_SELECTED,COMPLETE,15
173688,A_FINALIZED,COMPLETE,6
173688,O_CREATED,COMPLETE,13
173688,O_SENT,COMPLETE,16
173688,W_Nabellen offertes,SCHEDULE,22
173688,W_Completeren aanvraag,COMPLETE,20
173688,W_Nabellen offertes,START,22
173688,W_Nabellen offertes,COMPLETE,22
173688,W_Nabellen offertes,START,22
173688,W_Nabellen offertes,COMPLETE,22
173688,W_Nabellen offertes,START,22
173688,O_SENT_BACK,COMPLETE,17
173688,W_Valideren aanvraag,SCHEDULE,23
173688,W_Nabellen offertes,COMPLETE,22
173688,W_Valideren aanvraag,START,23
173688,A_REGISTERED,COMPLETE,9
173688,A_APPROVED,COMPLETE,3
173688,O_ACCEPTED,COMPLETE,11
173688,A_ACTIVATED,COMPLETE,2
173688,W_Valideren aanvraag,COMPLETE,23
173691,A_SUBMITTED,COMPLETE,10
173691,A_PARTLYSUBMITTED,COMPLETE,7
173691,A_PREACCEPTED,COMPLETE,8
173691,W_Completeren aanvraag,SCHEDULE,20
173691,W_Completeren aanvraag,START,20
173691,W_Completeren aanvraag,COMPLETE,20
173691,W_Completeren aanvraag,START,20
173691,A_ACCEPTED,COMPLETE,1
173691,A_FINALIZED,COMPLETE,6
173691,O_SELECTED,COMPLETE,15
173691,O_CREATED,COMPLETE,13
173691,O_SENT,COMPLETE,16
173691,W_Nabellen offertes,SCHEDULE,22
173691,W_Completeren aanvraag,COMPLETE,20
173691,W_Nabellen offertes,START,22
173691,W_Nabellen offertes,COMPLETE,22
173691,W_Nabellen offertes,START,22
173691,O_SELECTED,COMPLETE,15
173691,O_CANCELLED,COMPLETE,12
173691,O_CREATED,COMPLETE,13
173691,O_SENT,COMPLETE,16
173691,W_Nabellen offertes,SCHEDULE,22
173691,W_Nabellen offertes,COMPLETE,22
173691,W_Nabellen offertes,START,22
173691,W_Nabellen offertes,COMPLETE,22
173691,W_Nabellen offertes,START,22
173691,O_SENT_BACK,COMPLETE,17
173691,W_Valideren aanvraag,SCHEDULE,23
173691,W_Nabellen offertes,COMPLETE,22
173691,W_Valideren aanvraag,START,23
173691,W_Valideren aanvraag,COMPLETE,23
173691,W_Valideren aanvraag,START,23
173691,W_Valideren aanvraag,COMPLETE,23
173691,W_Valideren aanvraag,START,23
173691,O_ACCEPTED,COMPLETE,11
173691,A_APPROVED,COMPLETE,3
173691,A_REGISTERED,COMPLETE,9
173691,A_ACTIVATED,COMPLETE,2
173691,W_Valideren aanvraag,COMPLETE,23
173694,A_SUBMITTED,COMPLETE,10
173694,A_PARTLYSUBMITTED,COMPLETE,7
173694,A_PREACCEPTED,COMPLETE,8
173694,W_Completeren aanvraag,SCHEDULE,20
173694,W_Completeren aanvraag,START,20
173694,W_Completeren aanvraag,COMPLETE,20
173694,W_Completeren aanvraag,START,20
173694,W_Completeren aanvraag,COMPLETE,20
173694,W_Completeren aanvraag,START,20
173694,W_Completeren aanvraag,COMPLETE,20
173694,W_Completeren aanvraag,START,20
173694,A_ACCEPTED,COMPLETE,1
173694,A_FINALIZED,COMPLETE,6
173694,O_SELECTED,COMPLETE,15
173694,O_CREATED,COMPLETE,13
173694,O_SENT,COMPLETE,16
173694,W_Nabellen offertes,SCHEDULE,22
173694,W_Completeren aanvraag,COMPLETE,20
173694,W_Nabellen offertes,START,22
173694,O_SELECTED,COMPLETE,15
173694,O_CANCELLED,COMPLETE,12
173694,O_CREATED,COMPLETE,13
173694,O_SENT,COMPLETE,16
173694,W_Nabellen offertes,SCHEDULE,22
173694,W_Nabellen offertes,COMPLETE,22
173694,W_Nabellen offertes,START,22
173694,W_Nabellen offertes,COMPLETE,22
173694,W_Nabellen offertes,START,22
173694,W_Nabellen offertes,COMPLETE,22
173694,W_Nabellen offertes,START,22
173694,W_Nabellen offertes,COMPLETE,22
173694,W_Nabellen offertes,START,22
173694,O_SELECTED,COMPLETE,15
173694,O_CANCELLED,COMPLETE,12
173694,O_CREATED,COMPLETE,13
173694,O_SENT,COMPLETE,16
173694,W_Nabellen offertes,SCHEDULE,22
173694,W_Nabellen offertes,COMPLETE,22
173694,W_Nabellen offertes,START,22
173694,W_Nabellen offertes,COMPLETE,22
173694,W_Nabellen offertes,START,22
173694,W_Nabellen offertes,COMPLETE,22
173694,W_Nabellen offertes,START,22
173694,W_Nabellen offertes,COMPLETE,22
173694,W_Nabellen offertes,START,22
173694,W_Nabellen offertes,COMPLETE,22
173694,W_Nabellen offertes,START,22
173694,W_Nabellen offertes,COMPLETE,22
173694,W_Nabellen offertes,START,22
173694,O_SENT_BACK,COMPLETE,17
173694,W_Valideren aanvraag,SCHEDULE,23
173694,W_Nabellen offertes,COMPLETE,22
173694,W_Valideren aanvraag,START,23
173694,O_ACCEPTED,COMPLETE,11
173694,A_APPROVED,COMPLETE,3
173694,A_REGISTERED,COMPLETE,9
173694,A_ACTIVATED,COMPLETE,2
173694,W_Valideren aanvraag,COMPLETE,23
173694,W_Wijzigen contractgegevens,SCHEDULE,24
173697,A_SUBMITTED,COMPLETE,10
173697,A_PARTLYSUBMITTED,COMPLETE,7
173697,A_DECLINED,COMPLETE,5
173700,A_SUBMITTED,COMPLETE,10
173700,A_PARTLYSUBMITTED,COMPLETE,7
173700,A_DECLINED,COMPLETE,5
173703,A_SUBMITTED,COMPLETE,10
173703,A_PARTLYSUBMITTED,COMPLETE,7
173703,A_PREACCEPTED,COMPLETE,8
173703,W_Completeren aanvraag,SCHEDULE,20
173703,W_Completeren aanvraag,START,20
173703,W_Completeren aanvraag,COMPLETE,20
173703,W_Completeren aanvraag,START,20
173703,A_CANCELLED,COMPLETE,4
173703,W_Completeren aanvraag,COMPLETE,20
173706,A_SUBMITTED,COMPLETE,10
173706,A_PARTLYSUBMITTED,COMPLETE,7
173706,W_Afhandelen leads,SCHEDULE,18
173706,W_Afhandelen leads,START,18
173706,A_PREACCEPTED,COMPLETE,8
173706,W_Completeren aanvraag,SCHEDULE,20
173706,W_Afhandelen leads,COMPLETE,18
173706,W_Completeren aanvraag,START,20
173706,W_Completeren aanvraag,COMPLETE,20
173706,W_Completeren aanvraag,START,20
173706,W_Completeren aanvraag,COMPLETE,20
173706,W_Completeren aanvraag,START,20
173706,A_DECLINED,COMPLETE,5
173706,W_Completeren aanvraag,COMPLETE,20
173709,A_SUBMITTED,COMPLETE,10
173709,A_PARTLYSUBMITTED,COMPLETE,7
173709,A_PREACCEPTED,COMPLETE,8
173709,W_Completeren aanvraag,SCHEDULE,20
173709,W_Completeren aanvraag,START,20
173709,W_Completeren aanvraag,COMPLETE,20
173709,W_Completeren aanvraag,START,20
173709,W_Completeren aanvraag,COMPLETE,20
173709,W_Completeren aanvraag,START,20
173709,W_Completeren aanvraag,COMPLETE,20
173709,W_Completeren aanvraag,COMPLETE,20
173709,A_CANCELLED,COMPLETE,4
173712,A_SUBMITTED,COMPLETE,10
173712,A_PARTLYSUBMITTED,COMPLETE,7
173712,W_Afhandelen leads,SCHEDULE,18
173712,W_Afhandelen leads,START,18
173712,A_PREACCEPTED,COMPLETE,8
173712,W_Completeren aanvraag,SCHEDULE,20
173712,W_Afhandelen leads,COMPLETE,18
173712,W_Completeren aanvraag,START,20
173712,W_Completeren aanvraag,COMPLETE,20
173712,W_Completeren aanvraag,START,20
173712,W_Completeren aanvraag,COMPLETE,20
173712,W_Completeren aanvraag,START,20
173712,A_CANCELLED,COMPLETE,4
173712,W_Completeren aanvraag,COMPLETE,20
173715,A_SUBMITTED,COMPLETE,10
173715,A_PARTLYSUBMITTED,COMPLETE,7
173715,A_PREACCEPTED,COMPLETE,8
173715,W_Completeren aanvraag,SCHEDULE,20
173715,W_Completeren aanvraag,START,20
173715,W_Completeren aanvraag,COMPLETE,20
173715,W_Completeren aanvraag,START,20
173715,A_ACCEPTED,COMPLETE,1
173715,O_SELECTED,COMPLETE,15
173715,A_FINALIZED,COMPLETE,6
173715,O_CREATED,COMPLETE,13
173715,O_SENT,COMPLETE,16
173715,W_Nabellen offertes,SCHEDULE,22
173715,W_Completeren aanvraag,COMPLETE,20
173715,W_Nabellen offertes,START,22
173715,W_Nabellen offertes,COMPLETE,22
173715,W_Nabellen offertes,START,22
173715,O_SENT_BACK,COMPLETE,17
173715,W_Valideren aanvraag,SCHEDULE,23
173715,W_Nabellen offertes,COMPLETE,22
173715,W_Valideren aanvraag,START,23
173715,A_DECLINED,COMPLETE,5
173715,O_DECLINED,COMPLETE,14
173715,W_Valideren aanvraag,COMPLETE,23
173718,A_SUBMITTED,COMPLETE,10
173718,A_PARTLYSUBMITTED,COMPLETE,7
173718,A_PREACCEPTED,COMPLETE,8
173718,W_Completeren aanvraag,SCHEDULE,20
173718,W_Completeren aanvraag,START,20
173718,A_ACCEPTED,COMPLETE,1
173718,A_FINALIZED,COMPLETE,6
173718,O_SELECTED,COMPLETE,15
173718,O_CREATED,COMPLETE,13
173718,O_SENT,COMPLETE,16
173718,W_Nabellen offertes,SCHEDULE,22
173718,W_Completeren aanvraag,COMPLETE,20
173718,W_Nabellen offertes,START,22
173718,W_Nabellen offertes,COMPLETE,22
173718,W_Nabellen offertes,START,22
173718,O_SELECTED,COMPLETE,15
173718,O_CANCELLED,COMPLETE,12
173718,O_CREATED,COMPLETE,13
173718,O_SENT,COMPLETE,16
173718,W_Nabellen offertes,SCHEDULE,22
173718,W_Nabellen offertes,COMPLETE,22
173718,W_Nabellen offertes,START,22
173718,W_Nabellen offertes,COMPLETE,22
173718,W_Nabellen offertes,START,22
173718,W_Nabellen offertes,COMPLETE,22
173718,W_Nabellen offertes,START,22
173718,W_Nabellen offertes,COMPLETE,22
173718,W_Nabellen offertes,START,22
173718,O_SENT_BACK,COMPLETE,17
173718,W_Valideren aanvraag,SCHEDULE,23
173718,W_Nabellen offertes,COMPLETE,22
173718,W_Valideren aanvraag,START,23
173718,W_Nabellen incomplete dossiers,SCHEDULE,21
173718,W_Valideren aanvraag,COMPLETE,23
173718,W_Nabellen incomplete dossiers,START,21
173718,W_Nabellen incomplete dossiers,COMPLETE,21
173718,W_Nabellen incomplete dossiers,START,21
173718,W_Nabellen incomplete dossiers,COMPLETE,21
173718,W_Nabellen incomplete dossiers,START,21
173718,W_Nabellen incomplete dossiers,COMPLETE,21
173718,W_Nabellen incomplete dossiers,START,21
173718,W_Nabellen incomplete dossiers,COMPLETE,21
173718,W_Nabellen incomplete dossiers,START,21
173718,W_Nabellen incomplete dossiers,COMPLETE,21
173718,W_Nabellen incomplete dossiers,START,21
173718,W_Nabellen incomplete dossiers,COMPLETE,21
173718,W_Nabellen incomplete dossiers,START,21
173718,W_Nabellen incomplete dossiers,COMPLETE,21
173718,W_Nabellen incomplete dossiers,START,21
173718,W_Nabellen incomplete dossiers,COMPLETE,21
173718,W_Nabellen incomplete dossiers,START,21
173718,W_Nabellen incomplete dossiers,COMPLETE,21
173718,W_Nabellen incomplete dossiers,START,21
173718,W_Nabellen incomplete dossiers,COMPLETE,21
173718,W_Nabellen incomplete dossiers,START,21
173718,W_Valideren aanvraag,SCHEDULE,23
173718,W_Nabellen incomplete dossiers,COMPLETE,21
173718,W_Valideren aanvraag,START,23
173718,W_Nabellen incomplete dossiers,SCHEDULE,21
173718,W_Valideren aanvraag,COMPLETE,23
173718,W_Nabellen incomplete dossiers,START,21
173718,W_Nabellen incomplete dossiers,COMPLETE,21
173718,W_Nabellen incomplete dossiers,START,21
173718,W_Nabellen incomplete dossiers,COMPLETE,21
173718,W_Nabellen incomplete dossiers,START,21
173718,W_Nabellen incomplete dossiers,COMPLETE,21
173718,W_Nabellen incomplete dossiers,START,21
173718,W_Nabellen incomplete dossiers,COMPLETE,21
173718,W_Nabellen incomplete dossiers,START,21
173718,W_Valideren aanvraag,SCHEDULE,23
173718,W_Nabellen incomplete dossiers,COMPLETE,21
173718,W_Valideren aanvraag,START,23
173718,O_ACCEPTED,COMPLETE,11
173718,A_APPROVED,COMPLETE,3
173718,A_REGISTERED,COMPLETE,9
173718,A_ACTIVATED,COMPLETE,2
173718,W_Valideren aanvraag,COMPLETE,23
173721,A_SUBMITTED,COMPLETE,10
173721,A_PARTLYSUBMITTED,COMPLETE,7
173721,A_PREACCEPTED,COMPLETE,8
173721,W_Completeren aanvraag,SCHEDULE,20
173721,W_Completeren aanvraag,START,20
173721,A_ACCEPTED,COMPLETE,1
173721,O_SELECTED,COMPLETE,15
173721,A_FINALIZED,COMPLETE,6
173721,O_CREATED,COMPLETE,13
173721,O_SENT,COMPLETE,16
173721,W_Nabellen offertes,SCHEDULE,22
173721,W_Completeren aanvraag,COMPLETE,20
173721,W_Nabellen offertes,START,22
173721,W_Nabellen offertes,COMPLETE,22
173721,W_Nabellen offertes,START,22
173721,W_Nabellen offertes,COMPLETE,22
173721,W_Nabellen offertes,START,22
173721,W_Nabellen offertes,COMPLETE,22
173721,W_Nabellen offertes,START,22
173721,O_SENT_BACK,COMPLETE,17
173721,W_Valideren aanvraag,SCHEDULE,23
173721,W_Nabellen offertes,COMPLETE,22
173721,W_Valideren aanvraag,START,23
173721,W_Nabellen incomplete dossiers,SCHEDULE,21
173721,W_Valideren aanvraag,COMPLETE,23
173721,W_Nabellen incomplete dossiers,START,21
173721,W_Nabellen incomplete dossiers,COMPLETE,21
173721,W_Nabellen incomplete dossiers,START,21
173721,W_Nabellen incomplete dossiers,COMPLETE,21
173721,W_Nabellen incomplete dossiers,START,21
173721,W_Nabellen incomplete dossiers,COMPLETE,21
173721,W_Nabellen incomplete dossiers,START,21
173721,O_DECLINED,COMPLETE,14
173721,A_DECLINED,COMPLETE,5
173721,W_Nabellen incomplete dossiers,COMPLETE,21
173724,A_SUBMITTED,COMPLETE,10
173724,A_PARTLYSUBMITTED,COMPLETE,7
173724,W_Afhandelen leads,SCHEDULE,18
173724,W_Afhandelen leads,START,18
173724,W_Afhandelen leads,COMPLETE,18
173724,W_Afhandelen leads,START,18
173724,A_PREACCEPTED,COMPLETE,8
173724,W_Completeren aanvraag,SCHEDULE,20
173724,W_Afhandelen leads,COMPLETE,18
173724,W_Completeren aanvraag,START,20
173724,W_Completeren aanvraag,COMPLETE,20
173724,W_Completeren aanvraag,START,20
173724,W_Completeren aanvraag,COMPLETE,20
173724,W_Completeren aanvraag,START,20
173724,W_Completeren aanvraag,COMPLETE,20
173724,W_Completeren aanvraag,START,20
173724,W_Completeren aanvraag,COMPLETE,20
173724,W_Completeren aanvraag,START,20
173724,A_DECLINED,COMPLETE,5
173724,W_Completeren aanvraag,COMPLETE,20
173727,A_SUBMITTED,COMPLETE,10
173727,A_PARTLYSUBMITTED,COMPLETE,7
173727,A_DECLINED,COMPLETE,5
173730,A_SUBMITTED,COMPLETE,10
173730,A_PARTLYSUBMITTED,COMPLETE,7
173730,A_PREACCEPTED,COMPLETE,8
173730,W_Completeren aanvraag,SCHEDULE,20
173730,W_Completeren aanvraag,START,20
173730,W_Completeren aanvraag,COMPLETE,20
173730,W_Completeren aanvraag,START,20
173730,W_Completeren aanvraag,COMPLETE,20
173730,W_Completeren aanvraag,START,20
173730,W_Completeren aanvraag,COMPLETE,20
173730,W_Completeren aanvraag,START,20
173730,A_ACCEPTED,COMPLETE,1
173730,O_SELECTED,COMPLETE,15
173730,A_FINALIZED,COMPLETE,6
173730,O_CREATED,COMPLETE,13
173730,O_SENT,COMPLETE,16
173730,W_Nabellen offertes,SCHEDULE,22
173730,W_Completeren aanvraag,COMPLETE,20
173730,W_Nabellen offertes,START,22
173730,W_Nabellen offertes,COMPLETE,22
173730,W_Nabellen offertes,START,22
173730,W_Nabellen offertes,COMPLETE,22
173730,W_Nabellen offertes,START,22
173730,W_Nabellen offertes,COMPLETE,22
173730,W_Nabellen offertes,START,22
173730,W_Nabellen offertes,COMPLETE,22
173730,W_Nabellen offertes,START,22
173730,W_Nabellen offertes,COMPLETE,22
173730,W_Nabellen offertes,START,22
173730,W_Nabellen offertes,COMPLETE,22
173730,W_Nabellen offertes,START,22
173730,W_Nabellen offertes,COMPLETE,22
173730,W_Nabellen offertes,START,22
173730,O_SENT_BACK,COMPLETE,17
173730,W_Valideren aanvraag,SCHEDULE,23
173730,W_Nabellen offertes,COMPLETE,22
173730,W_Valideren aanvraag,START,23
173730,W_Nabellen incomplete dossiers,SCHEDULE,21
173730,W_Valideren aanvraag,COMPLETE,23
173730,W_Nabellen incomplete dossiers,START,21
173730,W_Nabellen incomplete dossiers,COMPLETE,21
173730,W_Nabellen incomplete dossiers,START,21
173730,W_Nabellen incomplete dossiers,COMPLETE,21
173730,W_Nabellen incomplete dossiers,START,21
173730,W_Nabellen incomplete dossiers,COMPLETE,21
173730,W_Nabellen incomplete dossiers,START,21
173730,W_Valideren aanvraag,SCHEDULE,23
173730,W_Nabellen incomplete dossiers,COMPLETE,21
173730,W_Valideren aanvraag,START,23
173730,W_Nabellen incomplete dossiers,SCHEDULE,21
173730,W_Valideren aanvraag,COMPLETE,23
173730,W_Nabellen incomplete dossiers,START,21
173730,W_Nabellen incomplete dossiers,COMPLETE,21
173730,W_Nabellen incomplete dossiers,START,21
173730,W_Valideren aanvraag,SCHEDULE,23
173730,W_Nabellen incomplete dossiers,COMPLETE,21
173730,W_Valideren aanvraag,START,23
173730,W_Nabellen incomplete dossiers,SCHEDULE,21
173730,W_Valideren aanvraag,COMPLETE,23
173730,W_Nabellen incomplete dossiers,START,21
173730,W_Nabellen incomplete dossiers,COMPLETE,21
173730,W_Nabellen incomplete dossiers,START,21
173730,W_Nabellen incomplete dossiers,COMPLETE,21
173730,W_Nabellen incomplete dossiers,START,21
173730,W_Valideren aanvraag,SCHEDULE,23
173730,W_Nabellen incomplete dossiers,COMPLETE,21
173730,W_Valideren aanvraag,START,23
173730,W_Valideren aanvraag,COMPLETE,23
173730,W_Valideren aanvraag,START,23
173730,W_Valideren aanvraag,COMPLETE,23
173730,W_Valideren aanvraag,START,23
173730,O_ACCEPTED,COMPLETE,11
173730,A_ACTIVATED,COMPLETE,2
173730,A_REGISTERED,COMPLETE,9
173730,A_APPROVED,COMPLETE,3
173730,W_Valideren aanvraag,COMPLETE,23
173733,A_SUBMITTED,COMPLETE,10
173733,A_PARTLYSUBMITTED,COMPLETE,7
173733,W_Afhandelen leads,SCHEDULE,18
173733,W_Afhandelen leads,START,18
173733,A_DECLINED,COMPLETE,5
173733,W_Afhandelen leads,COMPLETE,18
173736,A_SUBMITTED,COMPLETE,10
173736,A_PARTLYSUBMITTED,COMPLETE,7
173736,A_PREACCEPTED,COMPLETE,8
173736,W_Completeren aanvraag,SCHEDULE,20
173736,W_Completeren aanvraag,START,20
173736,W_Completeren aanvraag,COMPLETE,20
173736,W_Completeren aanvraag,START,20
173736,W_Completeren aanvraag,COMPLETE,20
173736,W_Completeren aanvraag,START,20
173736,A_ACCEPTED,COMPLETE,1
173736,A_FINALIZED,COMPLETE,6
173736,O_SELECTED,COMPLETE,15
173736,O_CREATED,COMPLETE,13
173736,O_SENT,COMPLETE,16
173736,W_Nabellen offertes,SCHEDULE,22
173736,W_Completeren aanvraag,COMPLETE,20
173736,W_Nabellen offertes,START,22
173736,O_SELECTED,COMPLETE,15
173736,O_CANCELLED,COMPLETE,12
173736,O_CREATED,COMPLETE,13
173736,O_SENT,COMPLETE,16
173736,W_Nabellen offertes,SCHEDULE,22
173736,W_Nabellen offertes,COMPLETE,22
173736,W_Nabellen offertes,START,22
173736,O_SENT_BACK,COMPLETE,17
173736,W_Valideren aanvraag,SCHEDULE,23
173736,W_Nabellen offertes,COMPLETE,22
173736,W_Valideren aanvraag,START,23
173736,W_Nabellen incomplete dossiers,SCHEDULE,21
173736,W_Valideren aanvraag,COMPLETE,23
173736,W_Nabellen incomplete dossiers,START,21
173736,W_Nabellen incomplete dossiers,COMPLETE,21
173736,W_Nabellen incomplete dossiers,START,21
173736,W_Nabellen incomplete dossiers,COMPLETE,21
173736,W_Nabellen incomplete dossiers,START,21
173736,W_Nabellen incomplete dossiers,COMPLETE,21
173736,W_Nabellen incomplete dossiers,START,21
173736,O_SELECTED,COMPLETE,15
173736,O_CANCELLED,COMPLETE,12
173736,O_CREATED,COMPLETE,13
173736,O_SENT,COMPLETE,16
173736,W_Nabellen incomplete dossiers,SCHEDULE,21
173736,W_Nabellen incomplete dossiers,COMPLETE,21
173736,W_Nabellen incomplete dossiers,START,21
173736,W_Nabellen incomplete dossiers,COMPLETE,21
173736,W_Nabellen incomplete dossiers,START,21
173736,O_SENT_BACK,COMPLETE,17
173736,W_Valideren aanvraag,SCHEDULE,23
173736,W_Nabellen incomplete dossiers,COMPLETE,21
173736,W_Valideren aanvraag,START,23
173736,O_ACCEPTED,COMPLETE,11
173736,A_APPROVED,COMPLETE,3
173736,A_REGISTERED,COMPLETE,9
173736,A_ACTIVATED,COMPLETE,2
173736,W_Valideren aanvraag,COMPLETE,23
173739,A_SUBMITTED,COMPLETE,10
173739,A_PARTLYSUBMITTED,COMPLETE,7
173739,A_PREACCEPTED,COMPLETE,8
173739,W_Completeren aanvraag,SCHEDULE,20
173739,W_Completeren aanvraag,START,20
173739,W_Completeren aanvraag,COMPLETE,20
173739,W_Completeren aanvraag,START,20
173739,W_Completeren aanvraag,COMPLETE,20
173739,W_Completeren aanvraag,START,20
173739,A_ACCEPTED,COMPLETE,1
173739,O_SELECTED,COMPLETE,15
173739,A_FINALIZED,COMPLETE,6
173739,O_CREATED,COMPLETE,13
173739,O_SENT,COMPLETE,16
173739,W_Nabellen offertes,SCHEDULE,22
173739,W_Completeren aanvraag,COMPLETE,20
173739,W_Nabellen offertes,START,22
173739,W_Nabellen offertes,COMPLETE,22
173739,W_Nabellen offertes,START,22
173739,W_Nabellen offertes,COMPLETE,22
173739,W_Nabellen offertes,START,22
173739,O_SENT_BACK,COMPLETE,17
173739,W_Valideren aanvraag,SCHEDULE,23
173739,W_Nabellen offertes,COMPLETE,22
173739,W_Valideren aanvraag,START,23
173739,W_Valideren aanvraag,COMPLETE,23
173739,W_Valideren aanvraag,START,23
173739,W_Nabellen incomplete dossiers,SCHEDULE,21
173739,W_Valideren aanvraag,COMPLETE,23
173739,W_Nabellen incomplete dossiers,START,21
173739,W_Nabellen incomplete dossiers,COMPLETE,21
173739,W_Nabellen incomplete dossiers,START,21
173739,W_Nabellen incomplete dossiers,COMPLETE,21
173739,W_Nabellen incomplete dossiers,START,21
173739,W_Nabellen incomplete dossiers,COMPLETE,21
173739,W_Nabellen incomplete dossiers,START,21
173739,W_Nabellen incomplete dossiers,COMPLETE,21
173739,W_Nabellen incomplete dossiers,START,21
173739,W_Nabellen incomplete dossiers,COMPLETE,21
173739,W_Nabellen incomplete dossiers,START,21
173739,W_Valideren aanvraag,SCHEDULE,23
173739,W_Nabellen incomplete dossiers,COMPLETE,21
173739,W_Valideren aanvraag,START,23
173739,O_ACCEPTED,COMPLETE,11
173739,A_REGISTERED,COMPLETE,9
173739,A_APPROVED,COMPLETE,3
173739,A_ACTIVATED,COMPLETE,2
173739,W_Valideren aanvraag,COMPLETE,23
173742,A_SUBMITTED,COMPLETE,10
173742,A_PARTLYSUBMITTED,COMPLETE,7
173742,W_Afhandelen leads,SCHEDULE,18
173742,W_Afhandelen leads,START,18
173742,A_PREACCEPTED,COMPLETE,8
173742,W_Completeren aanvraag,SCHEDULE,20
173742,W_Afhandelen leads,COMPLETE,18
173742,W_Completeren aanvraag,START,20
173742,W_Completeren aanvraag,COMPLETE,20
173742,W_Completeren aanvraag,START,20
173742,W_Completeren aanvraag,COMPLETE,20
173742,W_Completeren aanvraag,START,20
173742,W_Completeren aanvraag,COMPLETE,20
173742,W_Completeren aanvraag,START,20
173742,W_Completeren aanvraag,COMPLETE,20
173742,W_Completeren aanvraag,START,20
173742,W_Completeren aanvraag,COMPLETE,20
173742,W_Completeren aanvraag,START,20
173742,W_Completeren aanvraag,COMPLETE,20
173742,W_Completeren aanvraag,START,20
173742,W_Completeren aanvraag,COMPLETE,20
173742,W_Completeren aanvraag,START,20
173742,W_Completeren aanvraag,COMPLETE,20
173742,W_Completeren aanvraag,START,20
173742,W_Completeren aanvraag,COMPLETE,20
173742,W_Completeren aanvraag,START,20
173742,W_Completeren aanvraag,COMPLETE,20
173742,W_Completeren aanvraag,START,20
173742,W_Completeren aanvraag,COMPLETE,20
173742,W_Completeren aanvraag,START,20
173742,W_Completeren aanvraag,COMPLETE,20
173742,W_Completeren aanvraag,START,20
173742,W_Completeren aanvraag,COMPLETE,20
173742,W_Completeren aanvraag,START,20
173742,W_Completeren aanvraag,COMPLETE,20
173742,W_Completeren aanvraag,START,20
173742,W_Completeren aanvraag,COMPLETE,20
173742,W_Completeren aanvraag,START,20
173742,A_DECLINED,COMPLETE,5
173742,W_Completeren aanvraag,COMPLETE,20
173745,A_SUBMITTED,COMPLETE,10
173745,A_PARTLYSUBMITTED,COMPLETE,7
173745,W_Afhandelen leads,SCHEDULE,18
173745,W_Afhandelen leads,START,18
173745,A_PREACCEPTED,COMPLETE,8
173745,W_Completeren aanvraag,SCHEDULE,20
173745,W_Afhandelen leads,COMPLETE,18
173745,W_Completeren aanvraag,START,20
173745,A_ACCEPTED,COMPLETE,1
173745,O_SELECTED,COMPLETE,15
173745,A_FINALIZED,COMPLETE,6
173745,O_CREATED,COMPLETE,13
173745,O_SENT,COMPLETE,16
173745,W_Nabellen offertes,SCHEDULE,22
173745,W_Completeren aanvraag,COMPLETE,20
173745,W_Nabellen offertes,START,22
173745,O_CANCELLED,COMPLETE,12
173745,A_CANCELLED,COMPLETE,4
173745,W_Nabellen offertes,COMPLETE,22
173748,A_SUBMITTED,COMPLETE,10
173748,A_PARTLYSUBMITTED,COMPLETE,7
173748,W_Afhandelen leads,SCHEDULE,18
173748,W_Afhandelen leads,START,18
173748,A_PREACCEPTED,COMPLETE,8
173748,W_Completeren aanvraag,SCHEDULE,20
173748,W_Afhandelen leads,COMPLETE,18
173748,W_Completeren aanvraag,START,20
173748,W_Completeren aanvraag,COMPLETE,20
173748,W_Completeren aanvraag,START,20
173748,W_Completeren aanvraag,COMPLETE,20
173748,W_Completeren aanvraag,START,20
173748,W_Completeren aanvraag,COMPLETE,20
173748,W_Completeren aanvraag,START,20
173748,W_Completeren aanvraag,COMPLETE,20
173748,W_Completeren aanvraag,START,20
173748,A_ACCEPTED,COMPLETE,1
173748,A_FINALIZED,COMPLETE,6
173748,O_SELECTED,COMPLETE,15
173748,O_CREATED,COMPLETE,13
173748,O_SENT,COMPLETE,16
173748,W_Nabellen offertes,SCHEDULE,22
173748,W_Completeren aanvraag,COMPLETE,20
173748,W_Nabellen offertes,START,22
173748,W_Nabellen offertes,COMPLETE,22
173748,W_Nabellen offertes,START,22
173748,O_CANCELLED,COMPLETE,12
173748,O_SELECTED,COMPLETE,15
173748,O_CREATED,COMPLETE,13
173748,O_SENT,COMPLETE,16
173748,W_Nabellen offertes,SCHEDULE,22
173748,W_Nabellen offertes,COMPLETE,22
173748,W_Nabellen offertes,START,22
173748,W_Nabellen offertes,COMPLETE,22
173748,W_Nabellen offertes,START,22
173748,A_DECLINED,COMPLETE,5
173748,O_DECLINED,COMPLETE,14
173748,W_Nabellen offertes,COMPLETE,22
173751,A_SUBMITTED,COMPLETE,10
173751,A_PARTLYSUBMITTED,COMPLETE,7
173751,A_PREACCEPTED,COMPLETE,8
173751,W_Completeren aanvraag,SCHEDULE,20
173751,W_Completeren aanvraag,START,20
173751,W_Completeren aanvraag,COMPLETE,20
173751,W_Completeren aanvraag,START,20
173751,A_ACCEPTED,COMPLETE,1
173751,A_FINALIZED,COMPLETE,6
173751,O_SELECTED,COMPLETE,15
173751,O_CREATED,COMPLETE,13
173751,O_SENT,COMPLETE,16
173751,W_Nabellen offertes,SCHEDULE,22
173751,W_Completeren aanvraag,COMPLETE,20
173751,W_Nabellen offertes,START,22
173751,O_SENT_BACK,COMPLETE,17
173751,W_Valideren aanvraag,SCHEDULE,23
173751,W_Nabellen offertes,COMPLETE,22
173751,W_Valideren aanvraag,START,23
173751,O_ACCEPTED,COMPLETE,11
173751,A_REGISTERED,COMPLETE,9
173751,A_ACTIVATED,COMPLETE,2
173751,A_APPROVED,COMPLETE,3
173751,W_Valideren aanvraag,COMPLETE,23
173754,A_SUBMITTED,COMPLETE,10
173754,A_PARTLYSUBMITTED,COMPLETE,7
173754,A_PREACCEPTED,COMPLETE,8
173754,W_Completeren aanvraag,SCHEDULE,20
173754,W_Completeren aanvraag,START,20
173754,W_Completeren aanvraag,COMPLETE,20
173754,W_Completeren aanvraag,START,20
173754,W_Completeren aanvraag,COMPLETE,20
173754,W_Completeren aanvraag,START,20
173754,W_Completeren aanvraag,COMPLETE,20
173754,W_Completeren aanvraag,START,20
173754,W_Completeren aanvraag,COMPLETE,20
173754,W_Completeren aanvraag,START,20
173754,W_Completeren aanvraag,COMPLETE,20
173754,W_Completeren aanvraag,START,20
173754,W_Completeren aanvraag,COMPLETE,20
173754,W_Completeren aanvraag,START,20
173754,W_Completeren aanvraag,COMPLETE,20
173754,W_Completeren aanvraag,START,20
173754,W_Completeren aanvraag,COMPLETE,20
173754,W_Completeren aanvraag,START,20
173754,W_Completeren aanvraag,COMPLETE,20
173754,W_Completeren aanvraag,START,20
173754,W_Completeren aanvraag,COMPLETE,20
173754,W_Completeren aanvraag,START,20
173754,W_Completeren aanvraag,COMPLETE,20
173754,W_Completeren aanvraag,START,20
173754,W_Completeren aanvraag,COMPLETE,20
173754,W_Completeren aanvraag,START,20
173754,W_Completeren aanvraag,COMPLETE,20
173754,W_Completeren aanvraag,START,20
173754,W_Completeren aanvraag,COMPLETE,20
173754,W_Completeren aanvraag,START,20
173754,W_Completeren aanvraag,COMPLETE,20
173754,W_Completeren aanvraag,START,20
173754,W_Beoordelen fraude,SCHEDULE,19
173754,W_Completeren aanvraag,COMPLETE,20
173754,W_Beoordelen fraude,START,19
173754,W_Beoordelen fraude,COMPLETE,19
173754,W_Beoordelen fraude,START,19
173754,A_DECLINED,COMPLETE,5
173754,W_Beoordelen fraude,COMPLETE,19
173757,A_SUBMITTED,COMPLETE,10
173757,A_PARTLYSUBMITTED,COMPLETE,7
173757,A_DECLINED,COMPLETE,5
173760,A_SUBMITTED,COMPLETE,10
173760,A_PARTLYSUBMITTED,COMPLETE,7
173760,A_PREACCEPTED,COMPLETE,8
173760,W_Completeren aanvraag,SCHEDULE,20
173760,W_Completeren aanvraag,START,20
173760,A_ACCEPTED,COMPLETE,1
173760,A_FINALIZED,COMPLETE,6
173760,O_SELECTED,COMPLETE,15
173760,O_CREATED,COMPLETE,13
173760,O_SENT,COMPLETE,16
173760,W_Nabellen offertes,SCHEDULE,22
173760,W_Completeren aanvraag,COMPLETE,20
173760,W_Nabellen offertes,START,22
173760,W_Nabellen offertes,COMPLETE,22
173760,W_Nabellen offertes,START,22
173760,W_Nabellen offertes,COMPLETE,22
173760,W_Nabellen offertes,START,22
173760,O_SENT_BACK,COMPLETE,17
173760,W_Valideren aanvraag,SCHEDULE,23
173760,W_Nabellen offertes,COMPLETE,22
173760,W_Valideren aanvraag,START,23
173760,A_APPROVED,COMPLETE,3
173760,A_ACTIVATED,COMPLETE,2
173760,A_REGISTERED,COMPLETE,9
173760,O_ACCEPTED,COMPLETE,11
173760,W_Valideren aanvraag,COMPLETE,23
173763,A_SUBMITTED,COMPLETE,10
173763,A_PARTLYSUBMITTED,COMPLETE,7
173763,W_Afhandelen leads,SCHEDULE,18
173763,W_Afhandelen leads,START,18
173763,A_DECLINED,COMPLETE,5
173763,W_Afhandelen leads,COMPLETE,18
173766,A_SUBMITTED,COMPLETE,10
173766,A_PARTLYSUBMITTED,COMPLETE,7
173766,A_PREACCEPTED,COMPLETE,8
173766,W_Completeren aanvraag,SCHEDULE,20
173766,W_Completeren aanvraag,START,20
173766,W_Completeren aanvraag,COMPLETE,20
173766,W_Completeren aanvraag,START,20
173766,W_Completeren aanvraag,COMPLETE,20
173766,W_Completeren aanvraag,START,20
173766,W_Completeren aanvraag,COMPLETE,20
173766,W_Completeren aanvraag,START,20
173766,W_Completeren aanvraag,COMPLETE,20
173766,W_Completeren aanvraag,START,20
173766,W_Completeren aanvraag,COMPLETE,20
173766,W_Completeren aanvraag,START,20
173766,W_Completeren aanvraag,COMPLETE,20
173766,W_Completeren aanvraag,START,20
173766,W_Completeren aanvraag,COMPLETE,20
173766,W_Completeren aanvraag,START,20
173766,W_Completeren aanvraag,COMPLETE,20
173766,W_Completeren aanvraag,START,20
173766,W_Completeren aanvraag,COMPLETE,20
173766,W_Completeren aanvraag,START,20
173766,W_Completeren aanvraag,COMPLETE,20
173766,W_Completeren aanvraag,START,20
173766,W_Completeren aanvraag,COMPLETE,20
173766,W_Completeren aanvraag,START,20
173766,A_CANCELLED,COMPLETE,4
173766,W_Completeren aanvraag,COMPLETE,20
173769,A_SUBMITTED,COMPLETE,10
173769,A_PARTLYSUBMITTED,COMPLETE,7
173769,A_DECLINED,COMPLETE,5
173772,A_SUBMITTED,COMPLETE,10
173772,A_PARTLYSUBMITTED,COMPLETE,7
173772,A_DECLINED,COMPLETE,5
173775,A_SUBMITTED,COMPLETE,10
173775,A_PARTLYSUBMITTED,COMPLETE,7
173775,A_PREACCEPTED,COMPLETE,8
173775,W_Completeren aanvraag,SCHEDULE,20
173775,W_Completeren aanvraag,START,20
173775,W_Completeren aanvraag,COMPLETE,20
173775,W_Completeren aanvraag,START,20
173775,A_DECLINED,COMPLETE,5
173775,W_Completeren aanvraag,COMPLETE,20
173778,A_SUBMITTED,COMPLETE,10
173778,A_PARTLYSUBMITTED,COMPLETE,7
173778,W_Afhandelen leads,SCHEDULE,18
173778,W_Afhandelen leads,START,18
173778,A_DECLINED,COMPLETE,5
173778,W_Afhandelen leads,COMPLETE,18
173781,A_SUBMITTED,COMPLETE,10
173781,A_PARTLYSUBMITTED,COMPLETE,7
173781,A_PREACCEPTED,COMPLETE,8
173781,W_Completeren aanvraag,SCHEDULE,20
173781,W_Completeren aanvraag,START,20
173781,A_DECLINED,COMPLETE,5
173781,W_Completeren aanvraag,COMPLETE,20
173784,A_SUBMITTED,COMPLETE,10
173784,A_PARTLYSUBMITTED,COMPLETE,7
173784,A_PREACCEPTED,COMPLETE,8
173784,W_Completeren aanvraag,SCHEDULE,20
173784,W_Completeren aanvraag,START,20
173784,W_Completeren aanvraag,COMPLETE,20
173784,W_Completeren aanvraag,START,20
173784,W_Completeren aanvraag,COMPLETE,20
173784,W_Completeren aanvraag,START,20
173784,W_Completeren aanvraag,COMPLETE,20
173784,W_Completeren aanvraag,START,20
173784,W_Completeren aanvraag,COMPLETE,20
173784,W_Completeren aanvraag,START,20
173784,W_Completeren aanvraag,COMPLETE,20
173784,W_Completeren aanvraag,START,20
173784,W_Completeren aanvraag,COMPLETE,20
173784,W_Completeren aanvraag,START,20
173784,W_Completeren aanvraag,COMPLETE,20
173784,W_Completeren aanvraag,START,20
173784,A_ACCEPTED,COMPLETE,1
173784,O_SELECTED,COMPLETE,15
173784,A_FINALIZED,COMPLETE,6
173784,O_CREATED,COMPLETE,13
173784,O_SENT,COMPLETE,16
173784,W_Nabellen offertes,SCHEDULE,22
173784,W_Completeren aanvraag,COMPLETE,20
173784,W_Nabellen offertes,START,22
173784,W_Nabellen offertes,COMPLETE,22
173784,W_Nabellen offertes,START,22
173784,W_Nabellen offertes,COMPLETE,22
173784,W_Nabellen offertes,START,22
173784,W_Nabellen offertes,COMPLETE,22
173784,W_Nabellen offertes,START,22
173784,O_SENT_BACK,COMPLETE,17
173784,W_Valideren aanvraag,SCHEDULE,23
173784,W_Nabellen offertes,COMPLETE,22
173784,W_Valideren aanvraag,START,23
173784,W_Nabellen incomplete dossiers,SCHEDULE,21
173784,W_Valideren aanvraag,COMPLETE,23
173784,W_Nabellen incomplete dossiers,START,21
173784,W_Nabellen incomplete dossiers,COMPLETE,21
173784,W_Nabellen incomplete dossiers,START,21
173784,W_Nabellen incomplete dossiers,COMPLETE,21
173784,W_Nabellen incomplete dossiers,START,21
173784,W_Nabellen incomplete dossiers,COMPLETE,21
173784,W_Nabellen incomplete dossiers,START,21
173784,W_Nabellen incomplete dossiers,COMPLETE,21
173784,W_Nabellen incomplete dossiers,START,21
173784,W_Nabellen incomplete dossiers,COMPLETE,21
173784,W_Nabellen incomplete dossiers,START,21
173784,W_Nabellen incomplete dossiers,COMPLETE,21
173784,W_Nabellen incomplete dossiers,START,21
173784,W_Valideren aanvraag,SCHEDULE,23
173784,W_Nabellen incomplete dossiers,COMPLETE,21
173784,W_Valideren aanvraag,START,23
173784,W_Nabellen incomplete dossiers,SCHEDULE,21
173784,W_Valideren aanvraag,COMPLETE,23
173784,W_Nabellen incomplete dossiers,START,21
173784,W_Nabellen incomplete dossiers,COMPLETE,21
173784,W_Nabellen incomplete dossiers,START,21
173784,W_Valideren aanvraag,SCHEDULE,23
173784,W_Nabellen incomplete dossiers,COMPLETE,21
173784,W_Valideren aanvraag,START,23
173784,W_Valideren aanvraag,COMPLETE,23
173784,W_Valideren aanvraag,START,23
173784,W_Nabellen incomplete dossiers,SCHEDULE,21
173784,W_Valideren aanvraag,COMPLETE,23
173784,W_Nabellen incomplete dossiers,START,21
173784,W_Nabellen incomplete dossiers,COMPLETE,21
173784,W_Nabellen incomplete dossiers,START,21
173784,W_Nabellen incomplete dossiers,COMPLETE,21
173784,W_Nabellen incomplete dossiers,START,21
173784,W_Nabellen incomplete dossiers,COMPLETE,21
173784,W_Nabellen incomplete dossiers,START,21
173784,W_Nabellen incomplete dossiers,COMPLETE,21
173784,W_Nabellen incomplete dossiers,START,21
173784,W_Nabellen incomplete dossiers,COMPLETE,21
173784,W_Nabellen incomplete dossiers,START,21
173784,W_Nabellen incomplete dossiers,COMPLETE,21
173784,W_Nabellen incomplete dossiers,START,21
173784,W_Nabellen incomplete dossiers,COMPLETE,21
173784,W_Nabellen incomplete dossiers,START,21
173784,W_Nabellen incomplete dossiers,COMPLETE,21
173784,W_Nabellen incomplete dossiers,START,21
173784,W_Nabellen incomplete dossiers,COMPLETE,21
173784,W_Nabellen incomplete dossiers,START,21
173784,W_Nabellen incomplete dossiers,COMPLETE,21
173784,W_Nabellen incomplete dossiers,START,21
173784,W_Nabellen incomplete dossiers,COMPLETE,21
173784,W_Nabellen incomplete dossiers,START,21
173784,W_Nabellen incomplete dossiers,COMPLETE,21
173784,W_Nabellen incomplete dossiers,START,21
173784,W_Nabellen incomplete dossiers,COMPLETE,21
173784,W_Nabellen incomplete dossiers,START,21
173784,W_Nabellen incomplete dossiers,COMPLETE,21
173784,W_Nabellen incomplete dossiers,START,21
173784,W_Valideren aanvraag,SCHEDULE,23
173784,W_Nabellen incomplete dossiers,COMPLETE,21
173784,W_Valideren aanvraag,START,23
173784,W_Valideren aanvraag,COMPLETE,23
173784,W_Valideren aanvraag,START,23
173784,W_Valideren aanvraag,COMPLETE,23
173784,W_Valideren aanvraag,START,23
173784,A_APPROVED,COMPLETE,3
173784,O_ACCEPTED,COMPLETE,11
173784,A_ACTIVATED,COMPLETE,2
173784,A_REGISTERED,COMPLETE,9
173784,W_Valideren aanvraag,COMPLETE,23
173787,A_SUBMITTED,COMPLETE,10
173787,A_PARTLYSUBMITTED,COMPLETE,7
173787,A_PREACCEPTED,COMPLETE,8
173787,W_Completeren aanvraag,SCHEDULE,20
173787,W_Completeren aanvraag,START,20
173787,A_ACCEPTED,COMPLETE,1
173787,O_SELECTED,COMPLETE,15
173787,A_FINALIZED,COMPLETE,6
173787,O_CREATED,COMPLETE,13
173787,O_SENT,COMPLETE,16
173787,W_Nabellen offertes,SCHEDULE,22
173787,W_Completeren aanvraag,COMPLETE,20
173787,W_Nabellen offertes,START,22
173787,O_CANCELLED,COMPLETE,12
173787,O_SELECTED,COMPLETE,15
173787,O_CREATED,COMPLETE,13
173787,O_SENT,COMPLETE,16
173787,W_Nabellen offertes,SCHEDULE,22
173787,W_Nabellen offertes,COMPLETE,22
173787,W_Nabellen offertes,START,22
173787,W_Nabellen offertes,COMPLETE,22
173787,W_Nabellen offertes,START,22
173787,W_Nabellen offertes,COMPLETE,22
173787,W_Nabellen offertes,START,22
173787,W_Nabellen offertes,COMPLETE,22
173787,W_Nabellen offertes,START,22
173787,W_Nabellen offertes,COMPLETE,22
173787,W_Nabellen offertes,START,22
173787,W_Nabellen offertes,COMPLETE,22
173787,W_Nabellen offertes,START,22
173787,W_Nabellen offertes,COMPLETE,22
173787,W_Nabellen offertes,START,22
173787,A_CANCELLED,COMPLETE,4
173787,O_CANCELLED,COMPLETE,12
173787,W_Nabellen offertes,COMPLETE,22
173790,A_SUBMITTED,COMPLETE,10
173790,A_PARTLYSUBMITTED,COMPLETE,7
173790,A_PREACCEPTED,COMPLETE,8
173790,W_Completeren aanvraag,SCHEDULE,20
173790,W_Completeren aanvraag,START,20
173790,A_ACCEPTED,COMPLETE,1
173790,O_SELECTED,COMPLETE,15
173790,A_FINALIZED,COMPLETE,6
173790,O_CREATED,COMPLETE,13
173790,O_SENT,COMPLETE,16
173790,W_Nabellen offertes,SCHEDULE,22
173790,W_Completeren aanvraag,COMPLETE,20
173790,W_Nabellen offertes,START,22
173790,W_Nabellen offertes,COMPLETE,22
173790,W_Nabellen offertes,START,22
173790,W_Nabellen offertes,COMPLETE,22
173790,W_Nabellen offertes,START,22
173790,O_SENT_BACK,COMPLETE,17
173790,W_Valideren aanvraag,SCHEDULE,23
173790,W_Nabellen offertes,COMPLETE,22
173790,W_Valideren aanvraag,START,23
173790,W_Valideren aanvraag,COMPLETE,23
173790,W_Valideren aanvraag,START,23
173790,O_ACCEPTED,COMPLETE,11
173790,A_APPROVED,COMPLETE,3
173790,A_ACTIVATED,COMPLETE,2
173790,A_REGISTERED,COMPLETE,9
173790,W_Valideren aanvraag,COMPLETE,23
173793,A_SUBMITTED,COMPLETE,10
173793,A_PARTLYSUBMITTED,COMPLETE,7
173793,A_PREACCEPTED,COMPLETE,8
173793,W_Completeren aanvraag,SCHEDULE,20
173793,W_Completeren aanvraag,START,20
173793,W_Completeren aanvraag,COMPLETE,20
173793,W_Completeren aanvraag,START,20
173793,A_ACCEPTED,COMPLETE,1
173793,O_SELECTED,COMPLETE,15
173793,A_FINALIZED,COMPLETE,6
173793,O_CREATED,COMPLETE,13
173793,O_SENT,COMPLETE,16
173793,W_Nabellen offertes,SCHEDULE,22
173793,W_Completeren aanvraag,COMPLETE,20
173793,W_Nabellen offertes,START,22
173793,W_Nabellen offertes,COMPLETE,22
173793,W_Nabellen offertes,START,22
173793,W_Nabellen offertes,COMPLETE,22
173793,W_Nabellen offertes,START,22
173793,O_SENT_BACK,COMPLETE,17
173793,W_Valideren aanvraag,SCHEDULE,23
173793,W_Nabellen offertes,COMPLETE,22
173793,W_Valideren aanvraag,START,23
173793,W_Nabellen incomplete dossiers,SCHEDULE,21
173793,W_Valideren aanvraag,COMPLETE,23
173793,W_Nabellen incomplete dossiers,START,21
173793,W_Valideren aanvraag,SCHEDULE,23
173793,W_Nabellen incomplete dossiers,COMPLETE,21
173793,W_Valideren aanvraag,START,23
173793,W_Valideren aanvraag,COMPLETE,23
173793,W_Valideren aanvraag,START,23
173793,O_ACCEPTED,COMPLETE,11
173793,A_REGISTERED,COMPLETE,9
173793,A_ACTIVATED,COMPLETE,2
173793,A_APPROVED,COMPLETE,3
173793,W_Valideren aanvraag,COMPLETE,23
173796,A_SUBMITTED,COMPLETE,10
173796,A_PARTLYSUBMITTED,COMPLETE,7
173796,A_PREACCEPTED,COMPLETE,8
173796,W_Completeren aanvraag,SCHEDULE,20
173796,W_Completeren aanvraag,START,20
173796,W_Completeren aanvraag,COMPLETE,20
173796,W_Completeren aanvraag,START,20
173796,A_ACCEPTED,COMPLETE,1
173796,A_FINALIZED,COMPLETE,6
173796,O_SELECTED,COMPLETE,15
173796,O_CREATED,COMPLETE,13
173796,O_SENT,COMPLETE,16
173796,W_Nabellen offertes,SCHEDULE,22
173796,W_Completeren aanvraag,COMPLETE,20
173796,W_Nabellen offertes,START,22
173796,W_Nabellen offertes,COMPLETE,22
173796,W_Nabellen offertes,START,22
173796,A_CANCELLED,COMPLETE,4
173796,O_CANCELLED,COMPLETE,12
173796,W_Nabellen offertes,COMPLETE,22
173799,A_SUBMITTED,COMPLETE,10
173799,A_PARTLYSUBMITTED,COMPLETE,7
173799,A_PREACCEPTED,COMPLETE,8
173799,W_Completeren aanvraag,SCHEDULE,20
173799,W_Completeren aanvraag,START,20
173799,W_Completeren aanvraag,COMPLETE,20
173799,W_Completeren aanvraag,START,20
173799,W_Completeren aanvraag,COMPLETE,20
173799,W_Completeren aanvraag,START,20
173799,W_Completeren aanvraag,COMPLETE,20
173799,W_Completeren aanvraag,START,20
173799,A_DECLINED,COMPLETE,5
173799,W_Completeren aanvraag,COMPLETE,20
173802,A_SUBMITTED,COMPLETE,10
173802,A_PARTLYSUBMITTED,COMPLETE,7
173802,W_Afhandelen leads,SCHEDULE,18
173802,W_Afhandelen leads,START,18
173802,A_DECLINED,COMPLETE,5
173802,W_Afhandelen leads,COMPLETE,18
173805,A_SUBMITTED,COMPLETE,10
173805,A_PARTLYSUBMITTED,COMPLETE,7
173805,A_PREACCEPTED,COMPLETE,8
173805,W_Completeren aanvraag,SCHEDULE,20
173805,W_Completeren aanvraag,START,20
173805,W_Completeren aanvraag,COMPLETE,20
173805,W_Completeren aanvraag,START,20
173805,A_ACCEPTED,COMPLETE,1
173805,O_SELECTED,COMPLETE,15
173805,A_FINALIZED,COMPLETE,6
173805,O_CREATED,COMPLETE,13
173805,O_SENT,COMPLETE,16
173805,W_Nabellen offertes,SCHEDULE,22
173805,W_Completeren aanvraag,COMPLETE,20
173805,W_Nabellen offertes,START,22
173805,W_Nabellen offertes,COMPLETE,22
173805,W_Nabellen offertes,START,22
173805,W_Nabellen offertes,COMPLETE,22
173805,W_Nabellen offertes,START,22
173805,W_Nabellen offertes,COMPLETE,22
173805,W_Nabellen offertes,START,22
173805,W_Nabellen offertes,COMPLETE,22
173805,W_Nabellen offertes,START,22
173805,W_Nabellen offertes,COMPLETE,22
173805,W_Nabellen offertes,START,22
173805,W_Nabellen offertes,COMPLETE,22
173805,W_Nabellen offertes,START,22
173805,W_Nabellen offertes,COMPLETE,22
173805,W_Nabellen offertes,START,22
173805,W_Nabellen offertes,COMPLETE,22
173805,W_Nabellen offertes,START,22
173805,W_Nabellen offertes,COMPLETE,22
173805,W_Nabellen offertes,START,22
173805,W_Nabellen offertes,COMPLETE,22
173805,W_Nabellen offertes,START,22
173805,W_Nabellen offertes,COMPLETE,22
173805,W_Nabellen offertes,START,22
173805,W_Nabellen offertes,COMPLETE,22
173805,W_Nabellen offertes,COMPLETE,22
173805,A_CANCELLED,COMPLETE,4
173805,O_CANCELLED,COMPLETE,12
173808,A_SUBMITTED,COMPLETE,10
173808,A_PARTLYSUBMITTED,COMPLETE,7
173808,A_DECLINED,COMPLETE,5
173811,A_SUBMITTED,COMPLETE,10
173811,A_PARTLYSUBMITTED,COMPLETE,7
173811,W_Afhandelen leads,SCHEDULE,18
173811,W_Afhandelen leads,START,18
173811,A_PREACCEPTED,COMPLETE,8
173811,W_Completeren aanvraag,SCHEDULE,20
173811,W_Afhandelen leads,COMPLETE,18
173811,W_Completeren aanvraag,START,20
173811,W_Completeren aanvraag,COMPLETE,20
173811,W_Completeren aanvraag,START,20
173811,A_ACCEPTED,COMPLETE,1
173811,O_SELECTED,COMPLETE,15
173811,A_FINALIZED,COMPLETE,6
173811,O_CREATED,COMPLETE,13
173811,O_SENT,COMPLETE,16
173811,W_Nabellen offertes,SCHEDULE,22
173811,W_Completeren aanvraag,COMPLETE,20
173811,W_Nabellen offertes,START,22
173811,W_Nabellen offertes,COMPLETE,22
173811,W_Nabellen offertes,START,22
173811,W_Nabellen offertes,COMPLETE,22
173811,W_Nabellen offertes,START,22
173811,W_Nabellen offertes,COMPLETE,22
173811,W_Nabellen offertes,START,22
173811,W_Nabellen offertes,COMPLETE,22
173811,W_Nabellen offertes,START,22
173811,W_Nabellen offertes,COMPLETE,22
173811,W_Nabellen offertes,START,22
173811,W_Nabellen offertes,COMPLETE,22
173811,W_Nabellen offertes,START,22
173811,W_Nabellen offertes,COMPLETE,22
173811,W_Nabellen offertes,START,22
173811,W_Nabellen offertes,COMPLETE,22
173811,W_Nabellen offertes,START,22
173811,W_Nabellen offertes,COMPLETE,22
173811,W_Nabellen offertes,START,22
173811,W_Nabellen offertes,COMPLETE,22
173811,W_Nabellen offertes,START,22
173811,W_Nabellen offertes,COMPLETE,22
173811,W_Nabellen offertes,START,22
173811,W_Nabellen offertes,COMPLETE,22
173811,W_Nabellen offertes,START,22
173811,W_Nabellen offertes,COMPLETE,22
173811,W_Nabellen offertes,START,22
173811,W_Nabellen offertes,COMPLETE,22
173811,W_Nabellen offertes,COMPLETE,22
173811,A_CANCELLED,COMPLETE,4
173811,O_CANCELLED,COMPLETE,12
173814,A_SUBMITTED,COMPLETE,10
173814,A_PARTLYSUBMITTED,COMPLETE,7
173814,W_Afhandelen leads,SCHEDULE,18
173814,W_Afhandelen leads,START,18
173814,A_PREACCEPTED,COMPLETE,8
173814,W_Completeren aanvraag,SCHEDULE,20
173814,W_Afhandelen leads,COMPLETE,18
173814,W_Completeren aanvraag,START,20
173814,A_DECLINED,COMPLETE,5
173814,W_Completeren aanvraag,COMPLETE,20
173817,A_SUBMITTED,COMPLETE,10
173817,A_PARTLYSUBMITTED,COMPLETE,7
173817,A_PREACCEPTED,COMPLETE,8
173817,W_Completeren aanvraag,SCHEDULE,20
173817,W_Completeren aanvraag,START,20
173817,A_ACCEPTED,COMPLETE,1
173817,O_SELECTED,COMPLETE,15
173817,A_FINALIZED,COMPLETE,6
173817,O_CREATED,COMPLETE,13
173817,O_SENT,COMPLETE,16
173817,W_Nabellen offertes,SCHEDULE,22
173817,W_Completeren aanvraag,COMPLETE,20
173817,W_Nabellen offertes,START,22
173817,O_CANCELLED,COMPLETE,12
173817,O_SELECTED,COMPLETE,15
173817,O_CREATED,COMPLETE,13
173817,O_SENT,COMPLETE,16
173817,W_Nabellen offertes,SCHEDULE,22
173817,W_Nabellen offertes,COMPLETE,22
173817,W_Nabellen offertes,START,22
173817,W_Nabellen offertes,COMPLETE,22
173817,W_Nabellen offertes,START,22
173817,O_SENT_BACK,COMPLETE,17
173817,W_Valideren aanvraag,SCHEDULE,23
173817,W_Nabellen offertes,COMPLETE,22
173817,W_Valideren aanvraag,START,23
173817,A_DECLINED,COMPLETE,5
173817,O_DECLINED,COMPLETE,14
173817,W_Valideren aanvraag,COMPLETE,23
173820,A_SUBMITTED,COMPLETE,10
173820,A_PARTLYSUBMITTED,COMPLETE,7
173820,A_DECLINED,COMPLETE,5
173823,A_SUBMITTED,COMPLETE,10
173823,A_PARTLYSUBMITTED,COMPLETE,7
173823,A_PREACCEPTED,COMPLETE,8
173823,W_Completeren aanvraag,SCHEDULE,20
173823,W_Completeren aanvraag,START,20
173823,A_ACCEPTED,COMPLETE,1
173823,O_SELECTED,COMPLETE,15
173823,A_FINALIZED,COMPLETE,6
173823,O_CREATED,COMPLETE,13
173823,O_SENT,COMPLETE,16
173823,W_Nabellen offertes,SCHEDULE,22
173823,W_Completeren aanvraag,COMPLETE,20
173823,W_Nabellen offertes,START,22
173823,W_Nabellen offertes,COMPLETE,22
173823,W_Nabellen offertes,START,22
173823,O_SENT_BACK,COMPLETE,17
173823,W_Valideren aanvraag,SCHEDULE,23
173823,W_Nabellen offertes,COMPLETE,22
173823,W_Valideren aanvraag,START,23
173823,W_Valideren aanvraag,COMPLETE,23
173823,W_Valideren aanvraag,START,23
173823,O_DECLINED,COMPLETE,14
173823,A_DECLINED,COMPLETE,5
173823,W_Valideren aanvraag,COMPLETE,23
173826,A_SUBMITTED,COMPLETE,10
173826,A_PARTLYSUBMITTED,COMPLETE,7
173826,W_Afhandelen leads,SCHEDULE,18
173826,W_Afhandelen leads,START,18
173826,W_Afhandelen leads,COMPLETE,18
173826,W_Afhandelen leads,START,18
173826,W_Afhandelen leads,COMPLETE,18
173826,W_Afhandelen leads,START,18
173826,A_PREACCEPTED,COMPLETE,8
173826,W_Completeren aanvraag,SCHEDULE,20
173826,W_Afhandelen leads,COMPLETE,18
173826,W_Completeren aanvraag,START,20
173826,W_Completeren aanvraag,COMPLETE,20
173826,W_Completeren aanvraag,START,20
173826,W_Completeren aanvraag,COMPLETE,20
173826,W_Completeren aanvraag,START,20
173826,W_Completeren aanvraag,COMPLETE,20
173826,W_Completeren aanvraag,START,20
173826,A_DECLINED,COMPLETE,5
173826,W_Completeren aanvraag,COMPLETE,20
173829,A_SUBMITTED,COMPLETE,10
173829,A_PARTLYSUBMITTED,COMPLETE,7
173829,W_Afhandelen leads,SCHEDULE,18
173829,W_Afhandelen leads,START,18
173829,W_Afhandelen leads,COMPLETE,18
173829,W_Afhandelen leads,START,18
173829,A_PREACCEPTED,COMPLETE,8
173829,W_Completeren aanvraag,SCHEDULE,20
173829,W_Afhandelen leads,COMPLETE,18
173829,W_Completeren aanvraag,START,20
173829,A_DECLINED,COMPLETE,5
173829,W_Completeren aanvraag,COMPLETE,20
173832,A_SUBMITTED,COMPLETE,10
173832,A_PARTLYSUBMITTED,COMPLETE,7
173832,A_DECLINED,COMPLETE,5
173835,A_SUBMITTED,COMPLETE,10
173835,A_PARTLYSUBMITTED,COMPLETE,7
173835,A_PREACCEPTED,COMPLETE,8
173835,W_Completeren aanvraag,SCHEDULE,20
173835,W_Completeren aanvraag,START,20
173835,W_Completeren aanvraag,COMPLETE,20
173835,W_Completeren aanvraag,START,20
173835,W_Completeren aanvraag,COMPLETE,20
173835,W_Completeren aanvraag,START,20
173835,A_ACCEPTED,COMPLETE,1
173835,O_SELECTED,COMPLETE,15
173835,A_FINALIZED,COMPLETE,6
173835,O_CREATED,COMPLETE,13
173835,O_SENT,COMPLETE,16
173835,W_Nabellen offertes,SCHEDULE,22
173835,W_Completeren aanvraag,COMPLETE,20
173835,W_Nabellen offertes,START,22
173835,W_Nabellen offertes,COMPLETE,22
173835,W_Nabellen offertes,START,22
173835,W_Nabellen offertes,COMPLETE,22
173835,W_Nabellen offertes,START,22
173835,W_Nabellen offertes,COMPLETE,22
173835,W_Nabellen offertes,START,22
173835,W_Nabellen offertes,COMPLETE,22
173835,W_Nabellen offertes,START,22
173835,W_Nabellen offertes,COMPLETE,22
173835,W_Nabellen offertes,START,22
173835,A_CANCELLED,COMPLETE,4
173835,O_CANCELLED,COMPLETE,12
173835,W_Nabellen offertes,COMPLETE,22
173838,A_SUBMITTED,COMPLETE,10
173838,A_PARTLYSUBMITTED,COMPLETE,7
173838,A_DECLINED,COMPLETE,5
173841,A_SUBMITTED,COMPLETE,10
173841,A_PARTLYSUBMITTED,COMPLETE,7
173841,A_PREACCEPTED,COMPLETE,8
173841,W_Completeren aanvraag,SCHEDULE,20
173841,W_Completeren aanvraag,START,20
173841,W_Completeren aanvraag,COMPLETE,20
173841,W_Completeren aanvraag,START,20
173841,W_Completeren aanvraag,COMPLETE,20
173841,W_Completeren aanvraag,START,20
173841,A_CANCELLED,COMPLETE,4
173841,W_Completeren aanvraag,COMPLETE,20
173844,A_SUBMITTED,COMPLETE,10
173844,A_PARTLYSUBMITTED,COMPLETE,7
173844,A_PREACCEPTED,COMPLETE,8
173844,W_Completeren aanvraag,SCHEDULE,20
173844,W_Completeren aanvraag,START,20
173844,W_Completeren aanvraag,COMPLETE,20
173844,W_Completeren aanvraag,START,20
173844,W_Completeren aanvraag,COMPLETE,20
173844,W_Completeren aanvraag,START,20
173844,A_ACCEPTED,COMPLETE,1
173844,A_FINALIZED,COMPLETE,6
173844,O_SELECTED,COMPLETE,15
173844,O_CREATED,COMPLETE,13
173844,O_SENT,COMPLETE,16
173844,W_Nabellen offertes,SCHEDULE,22
173844,W_Completeren aanvraag,COMPLETE,20
173844,W_Nabellen offertes,START,22
173844,O_SENT_BACK,COMPLETE,17
173844,W_Valideren aanvraag,SCHEDULE,23
173844,W_Nabellen offertes,COMPLETE,22
173844,W_Valideren aanvraag,START,23
173844,O_ACCEPTED,COMPLETE,11
173844,A_APPROVED,COMPLETE,3
173844,A_REGISTERED,COMPLETE,9
173844,A_ACTIVATED,COMPLETE,2
173844,W_Valideren aanvraag,COMPLETE,23
173847,A_SUBMITTED,COMPLETE,10
173847,A_PARTLYSUBMITTED,COMPLETE,7
173847,A_PREACCEPTED,COMPLETE,8
173847,W_Completeren aanvraag,SCHEDULE,20
173847,W_Completeren aanvraag,START,20
173847,A_ACCEPTED,COMPLETE,1
173847,A_FINALIZED,COMPLETE,6
173847,O_SELECTED,COMPLETE,15
173847,O_CREATED,COMPLETE,13
173847,O_SENT,COMPLETE,16
173847,W_Nabellen offertes,SCHEDULE,22
173847,W_Completeren aanvraag,COMPLETE,20
173847,W_Nabellen offertes,START,22
173847,O_SENT_BACK,COMPLETE,17
173847,W_Valideren aanvraag,SCHEDULE,23
173847,W_Nabellen offertes,COMPLETE,22
173847,W_Valideren aanvraag,START,23
173847,O_DECLINED,COMPLETE,14
173847,A_DECLINED,COMPLETE,5
173847,W_Valideren aanvraag,COMPLETE,23
173850,A_SUBMITTED,COMPLETE,10
173850,A_PARTLYSUBMITTED,COMPLETE,7
173850,A_DECLINED,COMPLETE,5
173853,A_SUBMITTED,COMPLETE,10
173853,A_PARTLYSUBMITTED,COMPLETE,7
173853,A_DECLINED,COMPLETE,5
173856,A_SUBMITTED,COMPLETE,10
173856,A_PARTLYSUBMITTED,COMPLETE,7
173856,W_Afhandelen leads,SCHEDULE,18
173856,W_Afhandelen leads,START,18
173856,W_Afhandelen leads,COMPLETE,18
173856,W_Afhandelen leads,START,18
173856,A_DECLINED,COMPLETE,5
173856,W_Afhandelen leads,COMPLETE,18
173859,A_SUBMITTED,COMPLETE,10
173859,A_PARTLYSUBMITTED,COMPLETE,7
173859,W_Afhandelen leads,SCHEDULE,18
173859,W_Afhandelen leads,START,18
173859,A_PREACCEPTED,COMPLETE,8
173859,W_Completeren aanvraag,SCHEDULE,20
173859,W_Afhandelen leads,COMPLETE,18
173859,W_Completeren aanvraag,START,20
173859,A_ACCEPTED,COMPLETE,1
173859,O_SELECTED,COMPLETE,15
173859,A_FINALIZED,COMPLETE,6
173859,O_CREATED,COMPLETE,13
173859,O_SENT,COMPLETE,16
173859,W_Nabellen offertes,SCHEDULE,22
173859,W_Completeren aanvraag,COMPLETE,20
173859,W_Nabellen offertes,START,22
173859,W_Nabellen offertes,COMPLETE,22
173859,W_Nabellen offertes,START,22
173859,O_CANCELLED,COMPLETE,12
173859,A_CANCELLED,COMPLETE,4
173859,W_Nabellen offertes,COMPLETE,22
173862,A_SUBMITTED,COMPLETE,10
173862,A_PARTLYSUBMITTED,COMPLETE,7
173862,W_Afhandelen leads,SCHEDULE,18
173862,W_Afhandelen leads,START,18
173862,A_DECLINED,COMPLETE,5
173862,W_Afhandelen leads,COMPLETE,18
173865,A_SUBMITTED,COMPLETE,10
173865,A_PARTLYSUBMITTED,COMPLETE,7
173865,A_DECLINED,COMPLETE,5
173868,A_SUBMITTED,COMPLETE,10
173868,A_PARTLYSUBMITTED,COMPLETE,7
173868,A_PREACCEPTED,COMPLETE,8
173868,W_Completeren aanvraag,SCHEDULE,20
173868,W_Completeren aanvraag,START,20
173868,W_Completeren aanvraag,COMPLETE,20
173868,W_Completeren aanvraag,START,20
173868,A_ACCEPTED,COMPLETE,1
173868,A_FINALIZED,COMPLETE,6
173868,O_SELECTED,COMPLETE,15
173868,O_CREATED,COMPLETE,13
173868,O_SENT,COMPLETE,16
173868,W_Nabellen offertes,SCHEDULE,22
173868,W_Completeren aanvraag,COMPLETE,20
173868,W_Nabellen offertes,START,22
173868,W_Nabellen offertes,COMPLETE,22
173868,W_Nabellen offertes,START,22
173868,W_Nabellen offertes,COMPLETE,22
173868,W_Nabellen offertes,START,22
173868,W_Nabellen offertes,COMPLETE,22
173868,W_Nabellen offertes,START,22
173868,O_SENT_BACK,COMPLETE,17
173868,W_Valideren aanvraag,SCHEDULE,23
173868,W_Nabellen offertes,COMPLETE,22
173868,W_Valideren aanvraag,START,23
173868,O_DECLINED,COMPLETE,14
173868,A_DECLINED,COMPLETE,5
173868,W_Valideren aanvraag,COMPLETE,23
173871,A_SUBMITTED,COMPLETE,10
173871,A_PARTLYSUBMITTED,COMPLETE,7
173871,A_PREACCEPTED,COMPLETE,8
173871,W_Completeren aanvraag,SCHEDULE,20
173871,W_Completeren aanvraag,START,20
173871,W_Completeren aanvraag,COMPLETE,20
173871,W_Completeren aanvraag,START,20
173871,W_Completeren aanvraag,COMPLETE,20
173871,W_Completeren aanvraag,START,20
173871,W_Completeren aanvraag,COMPLETE,20
173871,W_Completeren aanvraag,START,20
173871,W_Completeren aanvraag,COMPLETE,20
173871,W_Completeren aanvraag,START,20
173871,W_Completeren aanvraag,COMPLETE,20
173871,W_Completeren aanvraag,START,20
173871,A_ACCEPTED,COMPLETE,1
173871,A_FINALIZED,COMPLETE,6
173871,O_SELECTED,COMPLETE,15
173871,O_CREATED,COMPLETE,13
173871,O_SENT,COMPLETE,16
173871,W_Nabellen offertes,SCHEDULE,22
173871,W_Completeren aanvraag,COMPLETE,20
173871,W_Nabellen offertes,START,22
173871,W_Nabellen offertes,COMPLETE,22
173871,W_Nabellen offertes,START,22
173871,W_Nabellen offertes,COMPLETE,22
173871,W_Nabellen offertes,START,22
173871,O_SENT_BACK,COMPLETE,17
173871,W_Valideren aanvraag,SCHEDULE,23
173871,W_Nabellen offertes,COMPLETE,22
173871,W_Valideren aanvraag,START,23
173871,W_Valideren aanvraag,COMPLETE,23
173871,W_Valideren aanvraag,START,23
173871,O_DECLINED,COMPLETE,14
173871,A_DECLINED,COMPLETE,5
173871,W_Valideren aanvraag,COMPLETE,23
173874,A_SUBMITTED,COMPLETE,10
173874,A_PARTLYSUBMITTED,COMPLETE,7
173874,A_DECLINED,COMPLETE,5
173877,A_SUBMITTED,COMPLETE,10
173877,A_PARTLYSUBMITTED,COMPLETE,7
173877,A_DECLINED,COMPLETE,5
173880,A_SUBMITTED,COMPLETE,10
173880,A_PARTLYSUBMITTED,COMPLETE,7
173880,W_Afhandelen leads,SCHEDULE,18
173880,W_Afhandelen leads,START,18
173880,A_PREACCEPTED,COMPLETE,8
173880,W_Completeren aanvraag,SCHEDULE,20
173880,W_Afhandelen leads,COMPLETE,18
173880,W_Completeren aanvraag,START,20
173880,W_Completeren aanvraag,COMPLETE,20
173880,W_Completeren aanvraag,START,20
173880,A_ACCEPTED,COMPLETE,1
173880,A_FINALIZED,COMPLETE,6
173880,O_SELECTED,COMPLETE,15
173880,O_CREATED,COMPLETE,13
173880,O_SENT,COMPLETE,16
173880,W_Nabellen offertes,SCHEDULE,22
173880,W_Completeren aanvraag,COMPLETE,20
173880,W_Nabellen offertes,START,22
173880,W_Nabellen offertes,COMPLETE,22
173880,W_Nabellen offertes,START,22
173880,W_Nabellen offertes,COMPLETE,22
173880,W_Nabellen offertes,START,22
173880,W_Nabellen offertes,COMPLETE,22
173880,W_Nabellen offertes,START,22
173880,W_Nabellen offertes,COMPLETE,22
173880,W_Nabellen offertes,START,22
173880,W_Nabellen offertes,COMPLETE,22
173880,W_Nabellen offertes,START,22
173880,O_SENT_BACK,COMPLETE,17
173880,W_Valideren aanvraag,SCHEDULE,23
173880,W_Nabellen offertes,COMPLETE,22
173880,W_Valideren aanvraag,START,23
173880,W_Valideren aanvraag,COMPLETE,23
173880,W_Valideren aanvraag,START,23
173880,W_Nabellen incomplete dossiers,SCHEDULE,21
173880,W_Valideren aanvraag,COMPLETE,23
173880,W_Nabellen incomplete dossiers,START,21
173880,W_Nabellen incomplete dossiers,COMPLETE,21
173880,W_Nabellen incomplete dossiers,START,21
173880,O_CANCELLED,COMPLETE,12
173880,O_SELECTED,COMPLETE,15
173880,O_CREATED,COMPLETE,13
173880,O_SENT,COMPLETE,16
173880,W_Nabellen incomplete dossiers,SCHEDULE,21
173880,W_Nabellen incomplete dossiers,COMPLETE,21
173880,W_Nabellen incomplete dossiers,START,21
173880,W_Nabellen incomplete dossiers,COMPLETE,21
173880,W_Nabellen incomplete dossiers,START,21
173880,W_Nabellen incomplete dossiers,COMPLETE,21
173880,W_Nabellen incomplete dossiers,START,21
173880,W_Nabellen incomplete dossiers,COMPLETE,21
173880,W_Nabellen incomplete dossiers,START,21
173880,O_SENT_BACK,COMPLETE,17
173880,W_Valideren aanvraag,SCHEDULE,23
173880,W_Nabellen incomplete dossiers,COMPLETE,21
173880,W_Valideren aanvraag,START,23
173880,O_ACCEPTED,COMPLETE,11
173880,A_APPROVED,COMPLETE,3
173880,A_REGISTERED,COMPLETE,9
173880,A_ACTIVATED,COMPLETE,2
173880,W_Valideren aanvraag,COMPLETE,23
173883,A_SUBMITTED,COMPLETE,10
173883,A_PARTLYSUBMITTED,COMPLETE,7
173883,A_DECLINED,COMPLETE,5
173886,A_SUBMITTED,COMPLETE,10
173886,A_PARTLYSUBMITTED,COMPLETE,7
173886,A_DECLINED,COMPLETE,5
173889,A_SUBMITTED,COMPLETE,10
173889,A_PARTLYSUBMITTED,COMPLETE,7
173889,W_Afhandelen leads,SCHEDULE,18
173889,W_Afhandelen leads,START,18
173889,A_DECLINED,COMPLETE,5
173889,W_Afhandelen leads,COMPLETE,18
173892,A_SUBMITTED,COMPLETE,10
173892,A_PARTLYSUBMITTED,COMPLETE,7
173892,A_DECLINED,COMPLETE,5
173895,A_SUBMITTED,COMPLETE,10
173895,A_PARTLYSUBMITTED,COMPLETE,7
173895,A_DECLINED,COMPLETE,5
173898,A_SUBMITTED,COMPLETE,10
173898,A_PARTLYSUBMITTED,COMPLETE,7
173898,W_Afhandelen leads,SCHEDULE,18
173898,W_Afhandelen leads,START,18
173898,A_PREACCEPTED,COMPLETE,8
173898,W_Completeren aanvraag,SCHEDULE,20
173898,W_Afhandelen leads,COMPLETE,18
173898,W_Completeren aanvraag,START,20
173898,W_Completeren aanvraag,COMPLETE,20
173898,W_Completeren aanvraag,START,20
173898,W_Completeren aanvraag,COMPLETE,20
173898,W_Completeren aanvraag,START,20
173898,A_ACCEPTED,COMPLETE,1
173898,A_FINALIZED,COMPLETE,6
173898,O_SELECTED,COMPLETE,15
173898,O_CREATED,COMPLETE,13
173898,O_SENT,COMPLETE,16
173898,W_Nabellen offertes,SCHEDULE,22
173898,W_Completeren aanvraag,COMPLETE,20
173898,W_Nabellen offertes,START,22
173898,W_Nabellen offertes,COMPLETE,22
173898,W_Nabellen offertes,START,22
173898,W_Nabellen offertes,COMPLETE,22
173898,W_Nabellen offertes,START,22
173898,O_CANCELLED,COMPLETE,12
173898,A_CANCELLED,COMPLETE,4
173898,W_Nabellen offertes,COMPLETE,22
173901,A_SUBMITTED,COMPLETE,10
173901,A_PARTLYSUBMITTED,COMPLETE,7
173901,W_Afhandelen leads,SCHEDULE,18
173901,W_Afhandelen leads,START,18
173901,A_DECLINED,COMPLETE,5
173901,W_Afhandelen leads,COMPLETE,18
173904,A_SUBMITTED,COMPLETE,10
173904,A_PARTLYSUBMITTED,COMPLETE,7
173904,W_Afhandelen leads,SCHEDULE,18
173904,W_Afhandelen leads,START,18
173904,A_DECLINED,COMPLETE,5
173904,W_Afhandelen leads,COMPLETE,18
173907,A_SUBMITTED,COMPLETE,10
173907,A_PARTLYSUBMITTED,COMPLETE,7
173907,A_DECLINED,COMPLETE,5
173910,A_SUBMITTED,COMPLETE,10
173910,A_PARTLYSUBMITTED,COMPLETE,7
173910,A_DECLINED,COMPLETE,5
173913,A_SUBMITTED,COMPLETE,10
173913,A_PARTLYSUBMITTED,COMPLETE,7
173913,A_PREACCEPTED,COMPLETE,8
173913,W_Completeren aanvraag,SCHEDULE,20
173913,W_Completeren aanvraag,START,20
173913,A_ACCEPTED,COMPLETE,1
173913,A_FINALIZED,COMPLETE,6
173913,O_SELECTED,COMPLETE,15
173913,O_CREATED,COMPLETE,13
173913,O_SENT,COMPLETE,16
173913,W_Nabellen offertes,SCHEDULE,22
173913,W_Completeren aanvraag,COMPLETE,20
173913,W_Nabellen offertes,START,22
173913,W_Nabellen offertes,COMPLETE,22
173913,W_Nabellen offertes,START,22
173913,W_Nabellen offertes,COMPLETE,22
173913,W_Nabellen offertes,START,22
173913,O_SENT_BACK,COMPLETE,17
173913,W_Valideren aanvraag,SCHEDULE,23
173913,W_Nabellen offertes,COMPLETE,22
173913,W_Valideren aanvraag,START,23
173913,W_Valideren aanvraag,COMPLETE,23
173913,W_Valideren aanvraag,START,23
173913,O_ACCEPTED,COMPLETE,11
173913,A_ACTIVATED,COMPLETE,2
173913,A_APPROVED,COMPLETE,3
173913,A_REGISTERED,COMPLETE,9
173913,W_Valideren aanvraag,COMPLETE,23
173916,A_SUBMITTED,COMPLETE,10
173916,A_PARTLYSUBMITTED,COMPLETE,7
173916,W_Beoordelen fraude,SCHEDULE,19
173916,W_Beoordelen fraude,START,19
173916,W_Beoordelen fraude,COMPLETE,19
173916,W_Beoordelen fraude,START,19
173916,W_Beoordelen fraude,COMPLETE,19
173916,W_Beoordelen fraude,START,19
173916,A_DECLINED,COMPLETE,5
173916,W_Beoordelen fraude,COMPLETE,19
173919,A_SUBMITTED,COMPLETE,10
173919,A_PARTLYSUBMITTED,COMPLETE,7
173919,W_Afhandelen leads,SCHEDULE,18
173919,W_Afhandelen leads,START,18
173919,A_PREACCEPTED,COMPLETE,8
173919,W_Completeren aanvraag,SCHEDULE,20
173919,W_Afhandelen leads,COMPLETE,18
173919,W_Completeren aanvraag,START,20
173919,W_Completeren aanvraag,COMPLETE,20
173919,W_Completeren aanvraag,START,20
173919,W_Completeren aanvraag,COMPLETE,20
173919,W_Completeren aanvraag,START,20
173919,W_Completeren aanvraag,COMPLETE,20
173919,W_Completeren aanvraag,START,20
173919,W_Completeren aanvraag,COMPLETE,20
173919,W_Completeren aanvraag,START,20
173919,A_CANCELLED,COMPLETE,4
173919,W_Completeren aanvraag,COMPLETE,20
173922,A_SUBMITTED,COMPLETE,10
173922,A_PARTLYSUBMITTED,COMPLETE,7
173922,A_DECLINED,COMPLETE,5
173925,A_SUBMITTED,COMPLETE,10
173925,A_PARTLYSUBMITTED,COMPLETE,7
173925,W_Afhandelen leads,SCHEDULE,18
173925,W_Afhandelen leads,START,18
173925,A_PREACCEPTED,COMPLETE,8
173925,W_Completeren aanvraag,SCHEDULE,20
173925,W_Afhandelen leads,COMPLETE,18
173925,W_Completeren aanvraag,START,20
173925,W_Completeren aanvraag,COMPLETE,20
173925,W_Completeren aanvraag,START,20
173925,A_DECLINED,COMPLETE,5
173925,W_Completeren aanvraag,COMPLETE,20
173928,A_SUBMITTED,COMPLETE,10
173928,A_PARTLYSUBMITTED,COMPLETE,7
173928,A_PREACCEPTED,COMPLETE,8
173928,W_Completeren aanvraag,SCHEDULE,20
173928,W_Completeren aanvraag,START,20
173928,W_Completeren aanvraag,COMPLETE,20
173928,W_Completeren aanvraag,START,20
173928,W_Completeren aanvraag,COMPLETE,20
173928,W_Completeren aanvraag,START,20
173928,A_ACCEPTED,COMPLETE,1
173928,O_SELECTED,COMPLETE,15
173928,A_FINALIZED,COMPLETE,6
173928,O_CREATED,COMPLETE,13
173928,O_SENT,COMPLETE,16
173928,W_Nabellen offertes,SCHEDULE,22
173928,W_Completeren aanvraag,COMPLETE,20
173928,W_Nabellen offertes,START,22
173928,O_CANCELLED,COMPLETE,12
173928,O_SELECTED,COMPLETE,15
173928,O_CREATED,COMPLETE,13
173928,O_SENT,COMPLETE,16
173928,W_Nabellen offertes,SCHEDULE,22
173928,W_Nabellen offertes,COMPLETE,22
173928,W_Nabellen offertes,START,22
173928,W_Nabellen offertes,COMPLETE,22
173928,W_Nabellen offertes,START,22
173928,W_Nabellen offertes,COMPLETE,22
173928,W_Nabellen offertes,START,22
173928,W_Nabellen offertes,COMPLETE,22
173928,W_Nabellen offertes,START,22
173928,W_Nabellen offertes,COMPLETE,22
173928,W_Nabellen offertes,START,22
173928,W_Nabellen offertes,COMPLETE,22
173928,W_Nabellen offertes,START,22
173928,W_Nabellen offertes,COMPLETE,22
173928,W_Nabellen offertes,START,22
173928,O_SENT_BACK,COMPLETE,17
173928,W_Valideren aanvraag,SCHEDULE,23
173928,W_Nabellen offertes,COMPLETE,22
173928,W_Valideren aanvraag,START,23
173928,W_Nabellen incomplete dossiers,SCHEDULE,21
173928,W_Valideren aanvraag,COMPLETE,23
173928,W_Nabellen incomplete dossiers,START,21
173928,W_Nabellen incomplete dossiers,COMPLETE,21
173928,W_Nabellen incomplete dossiers,START,21
173928,W_Nabellen incomplete dossiers,COMPLETE,21
173928,W_Nabellen incomplete dossiers,START,21
173928,W_Nabellen incomplete dossiers,COMPLETE,21
173928,W_Nabellen incomplete dossiers,START,21
173928,W_Nabellen incomplete dossiers,COMPLETE,21
173928,W_Nabellen incomplete dossiers,START,21
173928,W_Nabellen incomplete dossiers,COMPLETE,21
173928,W_Nabellen incomplete dossiers,START,21
173928,W_Nabellen incomplete dossiers,COMPLETE,21
173928,W_Nabellen incomplete dossiers,START,21
173928,W_Valideren aanvraag,SCHEDULE,23
173928,W_Nabellen incomplete dossiers,COMPLETE,21
173928,W_Valideren aanvraag,START,23
173928,W_Nabellen incomplete dossiers,SCHEDULE,21
173928,W_Valideren aanvraag,COMPLETE,23
173928,W_Nabellen incomplete dossiers,START,21
173928,W_Nabellen incomplete dossiers,COMPLETE,21
173928,W_Nabellen incomplete dossiers,START,21
173928,W_Nabellen incomplete dossiers,COMPLETE,21
173928,W_Nabellen incomplete dossiers,START,21
173928,W_Nabellen incomplete dossiers,COMPLETE,21
173928,W_Nabellen incomplete dossiers,START,21
173928,W_Nabellen incomplete dossiers,COMPLETE,21
173928,W_Nabellen incomplete dossiers,START,21
173928,W_Nabellen incomplete dossiers,COMPLETE,21
173928,W_Nabellen incomplete dossiers,START,21
173928,W_Nabellen incomplete dossiers,COMPLETE,21
173928,W_Nabellen incomplete dossiers,START,21
173928,W_Nabellen incomplete dossiers,COMPLETE,21
173928,W_Nabellen incomplete dossiers,START,21
173928,W_Nabellen incomplete dossiers,COMPLETE,21
173928,W_Nabellen incomplete dossiers,START,21
173928,W_Nabellen incomplete dossiers,COMPLETE,21
173928,W_Nabellen incomplete dossiers,START,21
173928,W_Nabellen incomplete dossiers,COMPLETE,21
173928,W_Nabellen incomplete dossiers,START,21
173928,W_Nabellen incomplete dossiers,COMPLETE,21
173928,W_Nabellen incomplete dossiers,START,21
173928,W_Nabellen incomplete dossiers,COMPLETE,21
173928,W_Nabellen incomplete dossiers,START,21
173928,W_Nabellen incomplete dossiers,COMPLETE,21
173928,W_Nabellen incomplete dossiers,START,21
173928,W_Nabellen incomplete dossiers,COMPLETE,21
173928,W_Nabellen incomplete dossiers,START,21
173928,W_Nabellen incomplete dossiers,COMPLETE,21
173928,W_Nabellen incomplete dossiers,START,21
173928,W_Nabellen incomplete dossiers,COMPLETE,21
173928,W_Nabellen incomplete dossiers,START,21
173928,W_Nabellen incomplete dossiers,COMPLETE,21
173928,W_Nabellen incomplete dossiers,START,21
173928,W_Nabellen incomplete dossiers,COMPLETE,21
173928,W_Nabellen incomplete dossiers,START,21
173928,W_Nabellen incomplete dossiers,COMPLETE,21
173928,W_Nabellen incomplete dossiers,START,21
173928,W_Nabellen incomplete dossiers,COMPLETE,21
173928,W_Nabellen incomplete dossiers,START,21
173928,W_Nabellen incomplete dossiers,COMPLETE,21
173928,W_Nabellen incomplete dossiers,START,21
173928,W_Nabellen incomplete dossiers,COMPLETE,21
173928,W_Nabellen incomplete dossiers,START,21
173928,W_Nabellen incomplete dossiers,COMPLETE,21
173928,W_Nabellen incomplete dossiers,START,21
173928,W_Valideren aanvraag,SCHEDULE,23
173928,W_Nabellen incomplete dossiers,COMPLETE,21
173928,W_Valideren aanvraag,START,23
173928,O_ACCEPTED,COMPLETE,11
173928,A_REGISTERED,COMPLETE,9
173928,A_APPROVED,COMPLETE,3
173928,A_ACTIVATED,COMPLETE,2
173928,W_Valideren aanvraag,COMPLETE,23
173931,A_SUBMITTED,COMPLETE,10
173931,A_PARTLYSUBMITTED,COMPLETE,7
173931,A_DECLINED,COMPLETE,5
173934,A_SUBMITTED,COMPLETE,10
173934,A_PARTLYSUBMITTED,COMPLETE,7
173934,W_Afhandelen leads,SCHEDULE,18
173934,W_Afhandelen leads,START,18
173934,A_DECLINED,COMPLETE,5
173934,W_Afhandelen leads,COMPLETE,18
173937,A_SUBMITTED,COMPLETE,10
173937,A_PARTLYSUBMITTED,COMPLETE,7
173937,A_PREACCEPTED,COMPLETE,8
173937,W_Completeren aanvraag,SCHEDULE,20
173937,W_Completeren aanvraag,START,20
173937,W_Completeren aanvraag,COMPLETE,20
173937,W_Completeren aanvraag,START,20
173937,W_Completeren aanvraag,COMPLETE,20
173937,W_Completeren aanvraag,START,20
173937,W_Completeren aanvraag,COMPLETE,20
173937,W_Completeren aanvraag,START,20
173937,W_Completeren aanvraag,COMPLETE,20
173937,W_Completeren aanvraag,START,20
173937,W_Completeren aanvraag,COMPLETE,20
173937,W_Completeren aanvraag,START,20
173937,W_Completeren aanvraag,COMPLETE,20
173937,W_Completeren aanvraag,START,20
173937,W_Completeren aanvraag,COMPLETE,20
173937,W_Completeren aanvraag,START,20
173937,W_Completeren aanvraag,COMPLETE,20
173937,W_Completeren aanvraag,START,20
173937,W_Completeren aanvraag,COMPLETE,20
173937,W_Completeren aanvraag,START,20
173937,W_Completeren aanvraag,COMPLETE,20
173937,W_Completeren aanvraag,START,20
173937,W_Completeren aanvraag,COMPLETE,20
173937,W_Completeren aanvraag,START,20
173937,W_Completeren aanvraag,COMPLETE,20
173937,W_Completeren aanvraag,START,20
173937,W_Completeren aanvraag,COMPLETE,20
173937,W_Completeren aanvraag,COMPLETE,20
173937,A_CANCELLED,COMPLETE,4
173940,A_SUBMITTED,COMPLETE,10
173940,A_PARTLYSUBMITTED,COMPLETE,7
173940,A_PREACCEPTED,COMPLETE,8
173940,W_Completeren aanvraag,SCHEDULE,20
173940,W_Completeren aanvraag,START,20
173940,W_Completeren aanvraag,COMPLETE,20
173940,W_Completeren aanvraag,START,20
173940,W_Completeren aanvraag,COMPLETE,20
173940,W_Completeren aanvraag,START,20
173940,A_ACCEPTED,COMPLETE,1
173940,O_SELECTED,COMPLETE,15
173940,A_FINALIZED,COMPLETE,6
173940,O_CREATED,COMPLETE,13
173940,O_SENT,COMPLETE,16
173940,W_Nabellen offertes,SCHEDULE,22
173940,W_Completeren aanvraag,COMPLETE,20
173940,W_Nabellen offertes,START,22
173940,O_SENT_BACK,COMPLETE,17
173940,W_Valideren aanvraag,SCHEDULE,23
173940,W_Nabellen offertes,COMPLETE,22
173940,W_Valideren aanvraag,START,23
173940,W_Nabellen incomplete dossiers,SCHEDULE,21
173940,W_Valideren aanvraag,COMPLETE,23
173940,W_Nabellen incomplete dossiers,START,21
173940,W_Nabellen incomplete dossiers,COMPLETE,21
173940,W_Nabellen incomplete dossiers,START,21
173940,W_Nabellen incomplete dossiers,COMPLETE,21
173940,W_Nabellen incomplete dossiers,START,21
173940,W_Nabellen incomplete dossiers,COMPLETE,21
173940,W_Nabellen incomplete dossiers,START,21
173940,W_Valideren aanvraag,SCHEDULE,23
173940,W_Nabellen incomplete dossiers,COMPLETE,21
173940,W_Valideren aanvraag,START,23
173940,W_Nabellen incomplete dossiers,SCHEDULE,21
173940,W_Valideren aanvraag,COMPLETE,23
173940,W_Nabellen incomplete dossiers,START,21
173940,W_Nabellen incomplete dossiers,COMPLETE,21
173940,W_Nabellen incomplete dossiers,START,21
173940,W_Nabellen incomplete dossiers,COMPLETE,21
173940,W_Nabellen incomplete dossiers,START,21
173940,W_Valideren aanvraag,SCHEDULE,23
173940,W_Nabellen incomplete dossiers,COMPLETE,21
173940,W_Valideren aanvraag,START,23
173940,O_ACCEPTED,COMPLETE,11
173940,A_APPROVED,COMPLETE,3
173940,A_REGISTERED,COMPLETE,9
173940,A_ACTIVATED,COMPLETE,2
173940,W_Valideren aanvraag,COMPLETE,23
173943,A_SUBMITTED,COMPLETE,10
173943,A_PARTLYSUBMITTED,COMPLETE,7
173943,W_Afhandelen leads,SCHEDULE,18
173943,W_Afhandelen leads,START,18
173943,A_PREACCEPTED,COMPLETE,8
173943,W_Completeren aanvraag,SCHEDULE,20
173943,W_Afhandelen leads,COMPLETE,18
173943,W_Completeren aanvraag,START,20
173943,W_Completeren aanvraag,COMPLETE,20
173943,W_Completeren aanvraag,START,20
173943,W_Completeren aanvraag,COMPLETE,20
173943,W_Completeren aanvraag,START,20
173943,W_Completeren aanvraag,COMPLETE,20
173943,W_Completeren aanvraag,START,20
173943,W_Completeren aanvraag,COMPLETE,20
173943,W_Completeren aanvraag,START,20
173943,W_Completeren aanvraag,COMPLETE,20
173943,W_Completeren aanvraag,START,20
173943,W_Completeren aanvraag,COMPLETE,20
173943,W_Completeren aanvraag,START,20
173943,A_ACCEPTED,COMPLETE,1
173943,A_FINALIZED,COMPLETE,6
173943,O_SELECTED,COMPLETE,15
173943,O_CREATED,COMPLETE,13
173943,O_SENT,COMPLETE,16
173943,W_Nabellen offertes,SCHEDULE,22
173943,W_Completeren aanvraag,COMPLETE,20
173943,W_Nabellen offertes,START,22
173943,W_Nabellen offertes,COMPLETE,22
173943,W_Nabellen offertes,START,22
173943,W_Nabellen offertes,COMPLETE,22
173943,W_Nabellen offertes,START,22
173943,W_Nabellen offertes,COMPLETE,22
173943,W_Nabellen offertes,START,22
173943,W_Nabellen offertes,COMPLETE,22
173943,W_Nabellen offertes,START,22
173943,W_Nabellen offertes,COMPLETE,22
173943,W_Nabellen offertes,START,22
173943,W_Nabellen offertes,COMPLETE,22
173943,W_Nabellen offertes,START,22
173943,W_Nabellen offertes,COMPLETE,22
173943,W_Nabellen offertes,START,22
173943,W_Nabellen offertes,COMPLETE,22
173943,W_Nabellen offertes,COMPLETE,22
173943,O_CANCELLED,COMPLETE,12
173943,A_CANCELLED,COMPLETE,4
173946,A_SUBMITTED,COMPLETE,10
173946,A_PARTLYSUBMITTED,COMPLETE,7
173946,A_PREACCEPTED,COMPLETE,8
173946,W_Completeren aanvraag,SCHEDULE,20
173946,W_Completeren aanvraag,START,20
173946,A_ACCEPTED,COMPLETE,1
173946,A_FINALIZED,COMPLETE,6
173946,O_SELECTED,COMPLETE,15
173946,O_CREATED,COMPLETE,13
173946,O_SENT,COMPLETE,16
173946,W_Nabellen offertes,SCHEDULE,22
173946,W_Completeren aanvraag,COMPLETE,20
173946,W_Nabellen offertes,START,22
173946,W_Nabellen offertes,COMPLETE,22
173946,W_Nabellen offertes,START,22
173946,W_Nabellen offertes,COMPLETE,22
173946,W_Nabellen offertes,START,22
173946,W_Nabellen offertes,COMPLETE,22
173946,W_Nabellen offertes,COMPLETE,22
173946,O_CANCELLED,COMPLETE,12
173946,A_CANCELLED,COMPLETE,4
173949,A_SUBMITTED,COMPLETE,10
173949,A_PARTLYSUBMITTED,COMPLETE,7
173949,W_Afhandelen leads,SCHEDULE,18
173949,W_Afhandelen leads,START,18
173949,A_PREACCEPTED,COMPLETE,8
173949,W_Completeren aanvraag,SCHEDULE,20
173949,W_Afhandelen leads,COMPLETE,18
173949,W_Completeren aanvraag,START,20
173949,W_Completeren aanvraag,COMPLETE,20
173949,W_Completeren aanvraag,START,20
173949,W_Completeren aanvraag,COMPLETE,20
173949,W_Completeren aanvraag,START,20
173949,A_ACCEPTED,COMPLETE,1
173949,A_FINALIZED,COMPLETE,6
173949,O_SELECTED,COMPLETE,15
173949,O_CREATED,COMPLETE,13
173949,O_SENT,COMPLETE,16
173949,W_Nabellen offertes,SCHEDULE,22
173949,W_Completeren aanvraag,COMPLETE,20
173949,W_Nabellen offertes,START,22
173949,W_Nabellen offertes,COMPLETE,22
173949,W_Nabellen offertes,START,22
173949,W_Nabellen offertes,COMPLETE,22
173949,W_Nabellen offertes,START,22
173949,W_Nabellen offertes,COMPLETE,22
173949,W_Nabellen offertes,START,22
173949,O_CANCELLED,COMPLETE,12
173949,O_SELECTED,COMPLETE,15
173949,O_CREATED,COMPLETE,13
173949,O_SENT,COMPLETE,16
173949,W_Nabellen offertes,SCHEDULE,22
173949,W_Nabellen offertes,COMPLETE,22
173949,W_Nabellen offertes,START,22
173949,W_Nabellen offertes,COMPLETE,22
173949,W_Nabellen offertes,START,22
173949,W_Nabellen offertes,COMPLETE,22
173949,W_Nabellen offertes,START,22
173949,W_Nabellen offertes,COMPLETE,22
173949,W_Nabellen offertes,START,22
173949,W_Nabellen offertes,COMPLETE,22
173949,W_Nabellen offertes,START,22
173949,O_SENT_BACK,COMPLETE,17
173949,W_Valideren aanvraag,SCHEDULE,23
173949,W_Nabellen offertes,COMPLETE,22
173949,W_Valideren aanvraag,START,23
173949,A_DECLINED,COMPLETE,5
173949,O_DECLINED,COMPLETE,14
173949,W_Valideren aanvraag,COMPLETE,23
173952,A_SUBMITTED,COMPLETE,10
173952,A_PARTLYSUBMITTED,COMPLETE,7
173952,A_DECLINED,COMPLETE,5
173955,A_SUBMITTED,COMPLETE,10
173955,A_PARTLYSUBMITTED,COMPLETE,7
173955,A_PREACCEPTED,COMPLETE,8
173955,W_Completeren aanvraag,SCHEDULE,20
173955,W_Completeren aanvraag,START,20
173955,W_Completeren aanvraag,COMPLETE,20
173955,W_Completeren aanvraag,START,20
173955,W_Completeren aanvraag,COMPLETE,20
173955,W_Completeren aanvraag,START,20
173955,A_ACCEPTED,COMPLETE,1
173955,O_SELECTED,COMPLETE,15
173955,A_FINALIZED,COMPLETE,6
173955,O_CREATED,COMPLETE,13
173955,O_SENT,COMPLETE,16
173955,W_Nabellen offertes,SCHEDULE,22
173955,W_Completeren aanvraag,COMPLETE,20
173955,W_Nabellen offertes,START,22
173955,W_Nabellen offertes,COMPLETE,22
173955,W_Nabellen offertes,START,22
173955,W_Nabellen offertes,COMPLETE,22
173955,W_Nabellen offertes,START,22
173955,O_SENT_BACK,COMPLETE,17
173955,W_Valideren aanvraag,SCHEDULE,23
173955,W_Nabellen offertes,COMPLETE,22
173955,W_Valideren aanvraag,START,23
173955,W_Valideren aanvraag,COMPLETE,23
173955,W_Valideren aanvraag,START,23
173955,W_Nabellen incomplete dossiers,SCHEDULE,21
173955,W_Valideren aanvraag,COMPLETE,23
173955,W_Nabellen incomplete dossiers,START,21
173955,W_Nabellen incomplete dossiers,COMPLETE,21
173955,W_Nabellen incomplete dossiers,START,21
173955,W_Nabellen incomplete dossiers,COMPLETE,21
173955,W_Nabellen incomplete dossiers,START,21
173955,W_Nabellen incomplete dossiers,COMPLETE,21
173955,W_Nabellen incomplete dossiers,START,21
173955,W_Nabellen incomplete dossiers,COMPLETE,21
173955,W_Nabellen incomplete dossiers,START,21
173955,W_Nabellen incomplete dossiers,COMPLETE,21
173955,W_Nabellen incomplete dossiers,START,21
173955,W_Nabellen incomplete dossiers,COMPLETE,21
173955,W_Nabellen incomplete dossiers,START,21
173955,W_Nabellen incomplete dossiers,COMPLETE,21
173955,W_Nabellen incomplete dossiers,START,21
173955,W_Nabellen incomplete dossiers,COMPLETE,21
173955,W_Nabellen incomplete dossiers,START,21
173955,W_Nabellen incomplete dossiers,COMPLETE,21
173955,W_Nabellen incomplete dossiers,START,21
173955,W_Nabellen incomplete dossiers,COMPLETE,21
173955,W_Nabellen incomplete dossiers,START,21
173955,W_Nabellen incomplete dossiers,COMPLETE,21
173955,W_Nabellen incomplete dossiers,START,21
173955,W_Nabellen incomplete dossiers,COMPLETE,21
173955,W_Nabellen incomplete dossiers,START,21
173955,W_Nabellen incomplete dossiers,COMPLETE,21
173955,W_Nabellen incomplete dossiers,START,21
173955,W_Nabellen incomplete dossiers,COMPLETE,21
173955,W_Nabellen incomplete dossiers,START,21
173955,W_Nabellen incomplete dossiers,COMPLETE,21
173955,W_Nabellen incomplete dossiers,START,21
173955,W_Nabellen incomplete dossiers,COMPLETE,21
173955,W_Nabellen incomplete dossiers,START,21
173955,W_Nabellen incomplete dossiers,COMPLETE,21
173955,W_Nabellen incomplete dossiers,START,21
173955,W_Nabellen incomplete dossiers,COMPLETE,21
173955,W_Nabellen incomplete dossiers,START,21
173955,W_Nabellen incomplete dossiers,COMPLETE,21
173955,W_Nabellen incomplete dossiers,START,21
173955,W_Nabellen incomplete dossiers,COMPLETE,21
173955,W_Nabellen incomplete dossiers,START,21
173955,W_Nabellen incomplete dossiers,COMPLETE,21
173955,W_Nabellen incomplete dossiers,START,21
173955,W_Nabellen incomplete dossiers,COMPLETE,21
173955,W_Nabellen incomplete dossiers,START,21
173955,W_Nabellen incomplete dossiers,COMPLETE,21
173955,W_Nabellen incomplete dossiers,START,21
173955,W_Nabellen incomplete dossiers,COMPLETE,21
173955,W_Nabellen incomplete dossiers,START,21
173955,W_Nabellen incomplete dossiers,COMPLETE,21
173955,W_Nabellen incomplete dossiers,START,21
173955,W_Nabellen incomplete dossiers,COMPLETE,21
173955,W_Nabellen incomplete dossiers,START,21
173955,W_Nabellen incomplete dossiers,COMPLETE,21
173955,W_Nabellen incomplete dossiers,START,21
173955,O_ACCEPTED,COMPLETE,11
173955,A_APPROVED,COMPLETE,3
173955,A_REGISTERED,COMPLETE,9
173955,A_ACTIVATED,COMPLETE,2
173955,W_Nabellen incomplete dossiers,COMPLETE,21
173958,A_SUBMITTED,COMPLETE,10
173958,A_PARTLYSUBMITTED,COMPLETE,7
173958,A_PREACCEPTED,COMPLETE,8
173958,W_Completeren aanvraag,SCHEDULE,20
173958,W_Completeren aanvraag,START,20
173958,W_Completeren aanvraag,COMPLETE,20
173958,W_Completeren aanvraag,START,20
173958,W_Completeren aanvraag,COMPLETE,20
173958,W_Completeren aanvraag,START,20
173958,W_Completeren aanvraag,COMPLETE,20
173958,W_Completeren aanvraag,START,20
173958,W_Completeren aanvraag,COMPLETE,20
173958,W_Completeren aanvraag,START,20
173958,W_Completeren aanvraag,COMPLETE,20
173958,W_Completeren aanvraag,START,20
173958,W_Completeren aanvraag,COMPLETE,20
173958,W_Completeren aanvraag,START,20
173958,W_Completeren aanvraag,COMPLETE,20
173958,W_Completeren aanvraag,START,20
173958,W_Completeren aanvraag,COMPLETE,20
173958,W_Completeren aanvraag,COMPLETE,20
173958,A_CANCELLED,COMPLETE,4
173961,A_SUBMITTED,COMPLETE,10
173961,A_PARTLYSUBMITTED,COMPLETE,7
173961,W_Afhandelen leads,SCHEDULE,18
173961,W_Afhandelen leads,START,18
173961,A_DECLINED,COMPLETE,5
173961,W_Afhandelen leads,COMPLETE,18
173964,A_SUBMITTED,COMPLETE,10
173964,A_PARTLYSUBMITTED,COMPLETE,7
173964,W_Afhandelen leads,SCHEDULE,18
173964,W_Afhandelen leads,START,18
173964,A_PREACCEPTED,COMPLETE,8
173964,W_Completeren aanvraag,SCHEDULE,20
173964,W_Afhandelen leads,COMPLETE,18
173964,W_Completeren aanvraag,START,20
173964,A_CANCELLED,COMPLETE,4
173964,W_Completeren aanvraag,COMPLETE,20
173979,A_SUBMITTED,COMPLETE,10
173979,A_PARTLYSUBMITTED,COMPLETE,7
173979,A_PREACCEPTED,COMPLETE,8
173979,W_Completeren aanvraag,SCHEDULE,20
173979,W_Completeren aanvraag,START,20
173979,W_Completeren aanvraag,COMPLETE,20
173979,W_Completeren aanvraag,START,20
173979,A_ACCEPTED,COMPLETE,1
173979,A_FINALIZED,COMPLETE,6
173979,O_SELECTED,COMPLETE,15
173979,O_CREATED,COMPLETE,13
173979,O_SENT,COMPLETE,16
173979,W_Nabellen offertes,SCHEDULE,22
173979,W_Completeren aanvraag,COMPLETE,20
173979,W_Nabellen offertes,START,22
173979,O_SENT_BACK,COMPLETE,17
173979,W_Valideren aanvraag,SCHEDULE,23
173979,W_Nabellen offertes,COMPLETE,22
173979,W_Valideren aanvraag,START,23
173979,A_APPROVED,COMPLETE,3
173979,O_ACCEPTED,COMPLETE,11
173979,A_ACTIVATED,COMPLETE,2
173979,A_REGISTERED,COMPLETE,9
173979,W_Valideren aanvraag,COMPLETE,23
173982,A_SUBMITTED,COMPLETE,10
173982,A_PARTLYSUBMITTED,COMPLETE,7
173982,A_PREACCEPTED,COMPLETE,8
173982,W_Completeren aanvraag,SCHEDULE,20
173982,W_Completeren aanvraag,START,20
173982,W_Completeren aanvraag,COMPLETE,20
173982,W_Completeren aanvraag,START,20
173982,A_ACCEPTED,COMPLETE,1
173982,O_SELECTED,COMPLETE,15
173982,A_FINALIZED,COMPLETE,6
173982,O_CREATED,COMPLETE,13
173982,O_SENT,COMPLETE,16
173982,W_Nabellen offertes,SCHEDULE,22
173982,W_Completeren aanvraag,COMPLETE,20
173982,W_Nabellen offertes,START,22
173982,A_CANCELLED,COMPLETE,4
173982,O_CANCELLED,COMPLETE,12
173982,W_Nabellen offertes,COMPLETE,22
173985,A_SUBMITTED,COMPLETE,10
173985,A_PARTLYSUBMITTED,COMPLETE,7
173985,W_Afhandelen leads,SCHEDULE,18
173985,W_Afhandelen leads,START,18
173985,A_PREACCEPTED,COMPLETE,8
173985,W_Completeren aanvraag,SCHEDULE,20
173985,W_Afhandelen leads,COMPLETE,18
173985,W_Completeren aanvraag,START,20
173985,A_ACCEPTED,COMPLETE,1
173985,A_FINALIZED,COMPLETE,6
173985,O_SELECTED,COMPLETE,15
173985,O_CREATED,COMPLETE,13
173985,O_SENT,COMPLETE,16
173985,W_Nabellen offertes,SCHEDULE,22
173985,W_Completeren aanvraag,COMPLETE,20
173985,W_Nabellen offertes,START,22
173985,O_SENT_BACK,COMPLETE,17
173985,W_Valideren aanvraag,SCHEDULE,23
173985,W_Nabellen offertes,COMPLETE,22
173985,W_Valideren aanvraag,START,23
173985,W_Valideren aanvraag,COMPLETE,23
173985,W_Valideren aanvraag,START,23
173985,A_DECLINED,COMPLETE,5
173985,O_DECLINED,COMPLETE,14
173985,W_Valideren aanvraag,COMPLETE,23
173988,A_SUBMITTED,COMPLETE,10
173988,A_PARTLYSUBMITTED,COMPLETE,7
173988,W_Afhandelen leads,SCHEDULE,18
173988,W_Afhandelen leads,START,18
173988,A_PREACCEPTED,COMPLETE,8
173988,W_Completeren aanvraag,SCHEDULE,20
173988,W_Afhandelen leads,COMPLETE,18
173988,W_Completeren aanvraag,START,20
173988,W_Completeren aanvraag,COMPLETE,20
173988,W_Completeren aanvraag,START,20
173988,A_ACCEPTED,COMPLETE,1
173988,O_SELECTED,COMPLETE,15
173988,A_FINALIZED,COMPLETE,6
173988,O_CREATED,COMPLETE,13
173988,O_SENT,COMPLETE,16
173988,W_Nabellen offertes,SCHEDULE,22
173988,W_Completeren aanvraag,COMPLETE,20
173988,W_Nabellen offertes,START,22
173988,O_CANCELLED,COMPLETE,12
173988,A_CANCELLED,COMPLETE,4
173988,W_Nabellen offertes,COMPLETE,22
173991,A_SUBMITTED,COMPLETE,10
173991,A_PARTLYSUBMITTED,COMPLETE,7
173991,A_DECLINED,COMPLETE,5
173994,A_SUBMITTED,COMPLETE,10
173994,A_PARTLYSUBMITTED,COMPLETE,7
173994,A_DECLINED,COMPLETE,5
173997,A_SUBMITTED,COMPLETE,10
173997,A_PARTLYSUBMITTED,COMPLETE,7
173997,A_PREACCEPTED,COMPLETE,8
173997,W_Completeren aanvraag,SCHEDULE,20
173997,W_Completeren aanvraag,START,20
173997,W_Completeren aanvraag,COMPLETE,20
173997,W_Completeren aanvraag,START,20
173997,W_Completeren aanvraag,COMPLETE,20
173997,W_Completeren aanvraag,START,20
173997,W_Completeren aanvraag,COMPLETE,20
173997,W_Completeren aanvraag,START,20
173997,A_ACCEPTED,COMPLETE,1
173997,O_SELECTED,COMPLETE,15
173997,A_FINALIZED,COMPLETE,6
173997,O_CREATED,COMPLETE,13
173997,O_SENT,COMPLETE,16
173997,W_Nabellen offertes,SCHEDULE,22
173997,W_Completeren aanvraag,COMPLETE,20
173997,W_Nabellen offertes,START,22
173997,W_Nabellen offertes,COMPLETE,22
173997,W_Nabellen offertes,START,22
173997,W_Nabellen offertes,COMPLETE,22
173997,W_Nabellen offertes,START,22
173997,O_CANCELLED,COMPLETE,12
173997,A_CANCELLED,COMPLETE,4
173997,W_Nabellen offertes,COMPLETE,22
